{
  "Name": "dragon_20_llm_reranker_keep_0",
  "Runtime": 158847,
  "k_kept_retrieved_passages": 0,
  "num_retrieved_passages": 20,
  "arguana/MAP@10": 0.36828,
  "arguana/MAP@3": 0.32302,
  "arguana/NDCG@10": 0.44689,
  "arguana/NDCG@3": 0.35363,
  "arguana/Recall@10": 0.69844,
  "arguana/Recall@3": 0.44239,
  "arguana/precision@10": 0.06984,
  "arguana/precision@3": 0.14746,
  "climate-fever/MAP@10": 0.17499,
  "climate-fever/MAP@3": 0.14588,
  "climate-fever/NDCG@10": 0.24943,
  "climate-fever/NDCG@3": 0.20272,
  "climate-fever/Recall@10": 0.2996,
  "climate-fever/Recall@3": 0.18633,
  "climate-fever/precision@10": 0.07668,
  "climate-fever/precision@3": 0.1494,
  "dbpedia-entity/MAP@10": 0.23171,
  "dbpedia-entity/MAP@3": 0.16658,
  "dbpedia-entity/NDCG@10": 0.46774,
  "dbpedia-entity/NDCG@3": 0.53673,
  "dbpedia-entity/Recall@10": 0.27638,
  "dbpedia-entity/Recall@3": 0.1774,
  "dbpedia-entity/precision@10": 0.37125,
  "dbpedia-entity/precision@3": 0.5825,
  "fever/MAP@10": 0.75558,
  "fever/MAP@3": 0.74155,
  "fever/NDCG@10": 0.79684,
  "fever/NDCG@3": 0.77144,
  "fever/Recall@10": 0.88174,
  "fever/Recall@3": 0.81159,
  "fever/precision@10": 0.09715,
  "fever/precision@3": 0.29548,
  "fiqa/MAP@10": 0.33758,
  "fiqa/MAP@3": 0.30608,
  "fiqa/NDCG@10": 0.40549,
  "fiqa/NDCG@3": 0.3909,
  "fiqa/Recall@10": 0.44686,
  "fiqa/Recall@3": 0.3561,
  "fiqa/precision@10": 0.10463,
  "fiqa/precision@3": 0.25977,
  "germanquad/MAP@10": 0.32722,
  "germanquad/MAP@3": 0.31662,
  "germanquad/NDCG@10": 0.35075,
  "germanquad/NDCG@3": 0.32956,
  "germanquad/Recall@10": 0.42368,
  "germanquad/Recall@3": 0.36693,
  "germanquad/precision@10": 0.04237,
  "germanquad/precision@3": 0.12231,
  "hotpotqa/MAP@10": 0.61851,
  "hotpotqa/MAP@3": 0.59815,
  "hotpotqa/NDCG@10": 0.70034,
  "hotpotqa/NDCG@3": 0.67305,
  "hotpotqa/Recall@10": 0.68609,
  "hotpotqa/Recall@3": 0.62667,
  "hotpotqa/precision@10": 0.13722,
  "hotpotqa/precision@3": 0.41778,
  "msmarco/MAP@10": 0.37994,
  "msmarco/MAP@3": 0.34251,
  "msmarco/NDCG@10": 0.44939,
  "msmarco/NDCG@3": 0.37378,
  "msmarco/Recall@10": 0.66186,
  "msmarco/Recall@3": 0.45772,
  "msmarco/precision@10": 0.06926,
  "msmarco/precision@3": 0.15802,
  "nfcorpus/MAP@10": 0.14607,
  "nfcorpus/MAP@3": 0.11475,
  "nfcorpus/NDCG@10": 0.36893,
  "nfcorpus/NDCG@3": 0.44599,
  "nfcorpus/Recall@10": 0.17128,
  "nfcorpus/Recall@3": 0.12323,
  "nfcorpus/precision@10": 0.26285,
  "nfcorpus/precision@3": 0.41589,
  "nq/MAP@10": 0.55647,
  "nq/MAP@3": 0.52452,
  "nq/NDCG@10": 0.62,
  "nq/NDCG@3": 0.56263,
  "nq/Recall@10": 0.78435,
  "nq/Recall@3": 0.64033,
  "nq/precision@10": 0.09328,
  "nq/precision@3": 0.2473,
  "quora/MAP@10": 0.76946,
  "quora/MAP@3": 0.73653,
  "quora/NDCG@10": 0.81489,
  "quora/NDCG@3": 0.776,
  "quora/Recall@10": 0.91516,
  "quora/Recall@3": 0.8062,
  "quora/precision@10": 0.12793,
  "quora/precision@3": 0.34657,
  "scidocs/MAP@10": 0.11138,
  "scidocs/MAP@3": 0.08271,
  "scidocs/NDCG@10": 0.1832,
  "scidocs/NDCG@3": 0.1819,
  "scidocs/Recall@10": 0.18677,
  "scidocs/Recall@3": 0.10368,
  "scidocs/precision@10": 0.0921,
  "scidocs/precision@3": 0.17033,
  "scifact/MAP@10": 0.69392,
  "scifact/MAP@3": 0.67374,
  "scifact/NDCG@10": 0.72921,
  "scifact/NDCG@3": 0.6972,
  "scifact/Recall@10": 0.82467,
  "scifact/Recall@3": 0.74078,
  "scifact/precision@10": 0.09333,
  "scifact/precision@3": 0.27111,
  "trec-covid/MAP@10": 0.0211,
  "trec-covid/MAP@3": 0.00725,
  "trec-covid/NDCG@10": 0.82486,
  "trec-covid/NDCG@3": 0.90827,
  "trec-covid/Recall@10": 0.02216,
  "trec-covid/Recall@3": 0.00725,
  "trec-covid/precision@10": 0.856,
  "trec-covid/precision@3": 0.93333,
  "webis-touche2020/MAP@10": 0.13997,
  "webis-touche2020/MAP@3": 0.0725,
  "webis-touche2020/NDCG@10": 0.33393,
  "webis-touche2020/NDCG@3": 0.38161,
  "webis-touche2020/Recall@10": 0.20317,
  "webis-touche2020/Recall@3": 0.0846,
  "webis-touche2020/precision@10": 0.29184,
  "webis-touche2020/precision@3": 0.37415,
  "cqadupstack/precision@3": 0.16615916666666666,
  "_wandb.runtime": 57427,
  "_runtime": 57428.53940463066,
  "_timestamp": 1715005138.7211456,
  "cqadupstack/NDCG@10": 0.39266833333333334,
  "cqadupstack/Recall@3": 0.38937,
  "cqadupstack/Recall@10": 0.4795575,
  "_step": 0,
  "cqadupstack/MAP@3": 0.32884833333333335,
  "cqadupstack/MAP@10": 0.3488758333333333,
  "cqadupstack/NDCG@3": 0.3616416666666667,
  "cqadupstack/precision@10": 0.06549916666666666
}