{
  "quora/MAP@10": 0.69603,
  "germanquad/MAP@10": 0.28958,
  "msmarco/Recall@10": 0.69298,
  "arguana/Recall@10": 0.54836,
  "cqadupstack/precision@3": 0.15926833333333332,
  "_timestamp": 1714632326.5248358,
  "fiqa/MAP@10": 0.33336,
  "msmarco/MAP@10": 0.39772,
  "msmarco/NDCG@3": 0.39424,
  "scifact/NDCG@3": 0.68757,
  "scidocs/NDCG@10": 0.18069,
  "fever/NDCG@10": 0.93064,
  "hotpotqa/MAP@3": 0.76842,
  "trec-covid/MAP@3": 0.0069,
  "trec-covid/NDCG@3": 0.85346,
  "cqadupstack/Recall@3": 0.3781075,
  "dbpedia-entity/NDCG@10": 0.49229,
  "quora/precision@3": 0.31013,
  "trec-covid/precision@10": 0.876,
  "webis-touche2020/MAP@10": 0.12209,
  "fiqa/MAP@3": 0.28787,
  "fever/MAP@3": 0.89967,
  "arguana/precision@10": 0.05484,
  "nfcorpus/precision@10": 0.25666,
  "climate-fever/precision@10": 0.13238,
  "webis-touche2020/precision@10": 0.29592,
  "nfcorpus/NDCG@3": 0.41489,
  "hotpotqa/precision@10": 0.16697,
  "_step": 15,
  "arguana/MAP@10": 0.23271,
  "quora/Recall@10": 0.88051,
  "scifact/MAP@3": 0.66137,
  "msmarco/MAP@3": 0.36012,
  "scidocs/MAP@3": 0.07238,
  "hotpotqa/NDCG@3": 0.81602,
  "fever/precision@10": 0.10815,
  "trec-covid/Recall@3": 0.00715,
  "scidocs/Recall@3": 0.09457,
  "hotpotqa/precision@3": 0.52757,
  "arguana/MAP@3": 0.18551,
  "quora/Recall@3": 0.73522,
  "nfcorpus/Recall@3": 0.11066,
  "scifact/Recall@10": 0.85478,
  "cqadupstack/NDCG@3": 0.3466291666666666,
  "cqadupstack/NDCG@10": 0.39913,
  "msmarco/precision@3": 0.1681,
  "climate-fever/Recall@3": 0.32506,
  "webis-touche2020/Recall@10": 0.20243,
  "quora/MAP@3": 0.65803,
  "nq/precision@10": 0.09913,
  "germanquad/NDCG@3": 0.29592,
  "nfcorpus/Recall@10": 0.16259,
  "germanquad/Recall@10": 0.34687,
  "nq/NDCG@10": 0.6062,
  "fever/MAP@10": 0.90673,
  "fiqa/Recall@10": 0.50818,
  "nq/precision@3": 0.23378,
  "scifact/Recall@3": 0.73544,
  "scidocs/Recall@10": 0.19405,
  "quora/NDCG@10": 0.75399,
  "cqadupstack/Recall@10": 0.5237308333333334,
  "germanquad/precision@3": 0.10877,
  "arguana/NDCG@3": 0.20738,
  "scidocs/MAP@10": 0.10443,
  "cqadupstack/MAP@3": 0.31403749999999997,
  "nq/Recall@10": 0.83147,
  "fever/Recall@3": 0.93979,
  "scidocs/NDCG@3": 0.16527,
  "scidocs/precision@3": 0.15567,
  "scifact/precision@10": 0.09667,
  "webis-touche2020/NDCG@3": 0.35538,
  "nq/MAP@3": 0.47667,
  "nfcorpus/NDCG@10": 0.34993,
  "trec-covid/NDCG@10": 0.81929,
  "hotpotqa/Recall@3": 0.79136,
  "climate-fever/NDCG@3": 0.36029,
  "dbpedia-entity/Recall@10": 0.29843,
  "dbpedia-entity/NDCG@3": 0.51866,
  "webis-touche2020/precision@3": 0.38095,
  "nq/NDCG@3": 0.51811,
  "quora/NDCG@3": 0.70104,
  "arguana/Recall@3": 0.27098,
  "arguana/precision@3": 0.09033,
  "dbpedia-entity/MAP@3": 0.15582,
  "msmarco/precision@10": 0.07244,
  "dbpedia-entity/precision@3": 0.55083,
  "nq/MAP@10": 0.52421,
  "fiqa/Recall@3": 0.35274,
  "arguana/NDCG@10": 0.30664,
  "fever/Recall@10": 0.96161,
  "fiqa/precision@10": 0.11852,
  "climate-fever/precision@3": 0.27514,
  "nq/Recall@3": 0.60566,
  "scifact/NDCG@10": 0.73297,
  "msmarco/Recall@3": 0.4859,
  "hotpotqa/Recall@10": 0.83484,
  "dbpedia-entity/MAP@10": 0.23606,
  "fever/precision@3": 0.34603,
  "nfcorpus/precision@3": 0.39009,
  "cqadupstack/precision@10": 0.07116583333333332,
  "webis-touche2020/Recall@3": 0.07916,
  "dbpedia-entity/precision@10": 0.408,
  "scidocs/precision@10": 0.0957,
  "trec-covid/Recall@10": 0.02252,
  "fiqa/NDCG@10": 0.41949,
  "trec-covid/MAP@10": 0.02098,
  "climate-fever/NDCG@10": 0.42285,
  "webis-touche2020/MAP@3": 0.06219,
  "dbpedia-entity/Recall@3": 0.16807,
  "hotpotqa/MAP@10": 0.78397,
  "hotpotqa/NDCG@10": 0.83608,
  "climate-fever/Recall@10": 0.48779,
  "fever/NDCG@3": 0.92305,
  "scifact/MAP@10": 0.6894,
  "msmarco/NDCG@10": 0.47058,
  "germanquad/NDCG@10": 0.30391,
  "germanquad/Recall@3": 0.32632,
  "_wandb.runtime": 35799,
  "nfcorpus/MAP@10": 0.12818,
  "climate-fever/MAP@10": 0.31854,
  "germanquad/MAP@3": 0.28539,
  "quora/precision@10": 0.12111,
  "webis-touche2020/NDCG@10": 0.3198,
  "_runtime": 35798.62085580826,
  "fiqa/NDCG@3": 0.37735,
  "nfcorpus/MAP@3": 0.09796,
  "climate-fever/MAP@3": 0.26788,
  "trec-covid/precision@3": 0.92,
  "germanquad/precision@10": 0.03469,
  "fiqa/precision@3": 0.25669,
  "cqadupstack/MAP@10": 0.3440291666666666,
  "scifact/precision@3": 0.26667
}