{
  "scidocs/Recall@10": 0.1835,
  "dbpedia-entity/NDCG@10": 0.48653,
  "webis-touche2020/NDCG@10": 0.29592,
  "fever/NDCG@3": 0.92265,
  "fiqa/Recall@10": 0.50219,
  "hotpotqa/NDCG@3": 0.82294,
  "arguana/Recall@3": 0.24467,
  "fiqa/MAP@3": 0.26804,
  "msmarco/NDCG@3": 0.39239,
  "quora/Recall@3": 0.71946,
  "dbpedia-entity/Recall@3": 0.16376,
  "nq/precision@10": 0.09383,
  "nfcorpus/NDCG@10": 0.34194,
  "trec-covid/MAP@3": 0.00635,
  "climate-fever/Recall@10": 0.47418,
  "_runtime": 70942.98170852661,
  "fever/MAP@10": 0.90623,
  "msmarco/MAP@10": 0.39715,
  "fever/Recall@10": 0.96127,
  "webis-touche2020/NDCG@3": 0.32726,
  "quora/NDCG@10": 0.7384,
  "nfcorpus/MAP@10": 0.12454,
  "scifact/precision@10": 0.09633,
  "webis-touche2020/MAP@10": 0.116,
  "nq/NDCG@3": 0.45904,
  "nq/Recall@3": 0.54582,
  "msmarco/Recall@10": 0.69463,
  "germanquad/NDCG@10": 0.36053,
  "hotpotqa/MAP@3": 0.77629,
  "nfcorpus/precision@10": 0.25077,
  "dbpedia-entity/Recall@10": 0.29384,
  "scidocs/MAP@3": 0.06929,
  "climate-fever/NDCG@10": 0.41199,
  "dbpedia-entity/MAP@10": 0.23082,
  "cqadupstack/precision@10": 0.06856666666666668,
  "quora/NDCG@3": 0.6872,
  "hotpotqa/MAP@10": 0.79448,
  "cqadupstack/NDCG@3": 0.34071416666666665,
  "cqadupstack/NDCG@10": 0.38901499999999994,
  "scifact/precision@3": 0.26778,
  "climate-fever/precision@10": 0.1284,
  "hotpotqa/precision@10": 0.17037,
  "trec-covid/precision@3": 0.89333,
  "arguana/NDCG@3": 0.18813,
  "germanquad/MAP@10": 0.34138,
  "trec-covid/NDCG@10": 0.79944,
  "climate-fever/MAP@10": 0.30974,
  "fiqa/Recall@3": 0.32487,
  "germanquad/MAP@3": 0.33521,
  "trec-covid/Recall@3": 0.00678,
  "scidocs/precision@10": 0.0905,
  "_wandb.runtime": 70943,
  "cqadupstack/MAP@3": 0.30903583333333334,
  "arguana/precision@3": 0.08156,
  "webis-touche2020/precision@10": 0.27347,
  "webis-touche2020/MAP@3": 0.05977,
  "fiqa/NDCG@10": 0.40584,
  "arguana/Recall@10": 0.47795,
  "nfcorpus/Recall@10": 0.16082,
  "germanquad/Recall@10": 0.41879,
  "scifact/MAP@10": 0.69237,
  "scifact/Recall@3": 0.73878,
  "cqadupstack/precision@3": 0.15614583333333337,
  "webis-touche2020/Recall@3": 0.07433,
  "webis-touche2020/precision@3": 0.35374,
  "arguana/MAP@10": 0.20801,
  "fiqa/precision@3": 0.23508,
  "msmarco/precision@10": 0.07265,
  "germanquad/precision@10": 0.04188,
  "fever/precision@10": 0.10815,
  "nq/NDCG@10": 0.5532,
  "scifact/NDCG@3": 0.69177,
  "quora/Recall@10": 0.86107,
  "fiqa/precision@10": 0.11512,
  "scidocs/precision@3": 0.15133,
  "trec-covid/precision@10": 0.874,
  "nq/MAP@3": 0.41923,
  "fever/NDCG@10": 0.93009,
  "fever/Recall@3": 0.9397,
  "scifact/NDCG@10": 0.73508,
  "climate-fever/NDCG@3": 0.35162,
  "quora/precision@10": 0.11773,
  "trec-covid/Recall@10": 0.02258,
  "dbpedia-entity/precision@10": 0.40025,
  "msmarco/NDCG@10": 0.47053,
  "cqadupstack/MAP@10": 0.3367708333333333,
  "scidocs/NDCG@3": 0.15953,
  "scifact/Recall@10": 0.85311,
  "dbpedia-entity/MAP@3": 0.15152,
  "quora/MAP@10": 0.68153,
  "arguana/precision@10": 0.0478,
  "hotpotqa/precision@3": 0.53351,
  "nfcorpus/precision@3": 0.38184,
  "_step": 15,
  "_timestamp": 1714593293.3536036,
  "climate-fever/precision@3": 0.26797,
  "dbpedia-entity/NDCG@3": 0.51058,
  "arguana/MAP@3": 0.16868,
  "nq/precision@3": 0.21002,
  "hotpotqa/Recall@3": 0.80027,
  "cqadupstack/Recall@3": 0.37109083333333337,
  "fiqa/NDCG@3": 0.35121,
  "msmarco/Recall@3": 0.48308,
  "nfcorpus/Recall@3": 0.10869,
  "fiqa/MAP@10": 0.31859,
  "nq/Recall@10": 0.79063,
  "fever/precision@3": 0.34618,
  "dbpedia-entity/precision@3": 0.54083,
  "climate-fever/Recall@3": 0.31838,
  "fever/MAP@3": 0.89927,
  "germanquad/NDCG@3": 0.34826,
  "trec-covid/MAP@10": 0.02041,
  "hotpotqa/Recall@10": 0.85186,
  "quora/precision@3": 0.30307,
  "msmarco/precision@3": 0.16724,
  "scifact/MAP@3": 0.66581,
  "arguana/NDCG@10": 0.27127,
  "scidocs/NDCG@10": 0.17141,
  "hotpotqa/NDCG@10": 0.84654,
  "nfcorpus/MAP@3": 0.09502,
  "nfcorpus/NDCG@3": 0.40474,
  "cqadupstack/Recall@10": 0.5056449999999999,
  "webis-touche2020/Recall@10": 0.1881,
  "germanquad/Recall@3": 0.38601,
  "scidocs/Recall@3": 0.09187,
  "trec-covid/NDCG@3": 0.82408,
  "climate-fever/MAP@3": 0.26113,
  "germanquad/precision@3": 0.12867,
  "nq/MAP@10": 0.46868,
  "quora/MAP@3": 0.64525,
  "msmarco/MAP@3": 0.35854,
  "scidocs/MAP@10": 0.09823
}