{
  "msmarco/MAP@10": 0.38485,
  "germanquad/NDCG@3": 0.46743,
  "cqadupstack/NDCG@3": 0.3785083333333334,
  "hotpotqa/Recall@10": 0.8181,
  "arguana/precision@3": 0.12328,
  "cqadupstack/Recall@3": 0.40870000000000006,
  "germanquad/Recall@10": 0.68151,
  "fiqa/MAP@3": 0.32681,
  "nq/Recall@3": 0.67058,
  "nq/MAP@10": 0.58774,
  "quora/NDCG@10": 0.80717,
  "arguana/MAP@10": 0.29654,
  "scidocs/MAP@10": 0.12121,
  "climate-fever/MAP@10": 0.21361,
  "dbpedia-entity/MAP@3": 0.16833,
  "_timestamp": 1717814482.0335977,
  "climate-fever/NDCG@10": 0.31344,
  "trec-covid/precision@10": 0.912,
  "dbpedia-entity/precision@3": 0.60667,
  "trec-covid/Recall@10": 0.02353,
  "scifact/Recall@3": 0.78867,
  "scidocs/Recall@10": 0.20812,
  "quora/precision@10": 0.12502,
  "hotpotqa/precision@10": 0.16362,
  "germanquad/precision@3": 0.17776,
  "webis-touche2020/precision@10": 0.29388,
  "fever/Recall@10": 0.92148,
  "trec-covid/MAP@3": 0.0077,
  "scidocs/precision@10": 0.1027,
  "climate-fever/Recall@10": 0.40917,
  "_wandb.runtime": 272447,
  "scifact/MAP@3": 0.70726,
  "nq/precision@3": 0.25966,
  "scidocs/NDCG@3": 0.19156,
  "scifact/MAP@10": 0.73153,
  "scifact/NDCG@3": 0.73554,
  "trec-covid/NDCG@3": 0.93246,
  "fiqa/NDCG@10": 0.44302,
  "webis-touche2020/Recall@3": 0.08603,
  "webis-touche2020/Recall@10": 0.20855,
  "scifact/NDCG@10": 0.7733,
  "trec-covid/Recall@3": 0.00771,
  "arguana/NDCG@10": 0.37535,
  "arguana/NDCG@3": 0.28222,
  "hotpotqa/Recall@3": 0.73761,
  "fever/precision@10": 0.10354,
  "hotpotqa/precision@3": 0.49174,
  "nq/NDCG@10": 0.6562,
  "fever/Recall@3": 0.81585,
  "germanquad/NDCG@10": 0.52195,
  "trec-covid/NDCG@10": 0.87552,
  "cqadupstack/Recall@10": 0.5210266666666666,
  "webis-touche2020/NDCG@10": 0.34666,
  "msmarco/MAP@3": 0.34756,
  "germanquad/MAP@3": 0.44463,
  "nfcorpus/Recall@10": 0.17896,
  "arguana/precision@10": 0.06287,
  "scifact/precision@10": 0.10067,
  "dbpedia-entity/NDCG@3": 0.5674,
  "hotpotqa/MAP@3": 0.71144,
  "msmarco/NDCG@10": 0.45526,
  "hotpotqa/NDCG@10": 0.80682,
  "nq/MAP@3": 0.55162,
  "fever/NDCG@10": 0.81443,
  "quora/MAP@3": 0.73376,
  "scifact/precision@3": 0.28778,
  "quora/Recall@3": 0.79816,
  "scidocs/NDCG@10": 0.1993,
  "fever/precision@3": 0.29978,
  "germanquad/MAP@10": 0.47149,
  "scifact/Recall@10": 0.88922,
  "cqadupstack/NDCG@10": 0.4179408333333334,
  "msmarco/precision@3": 0.16017,
  "climate-fever/NDCG@3": 0.22978,
  "fever/MAP@10": 0.76751,
  "fiqa/Recall@10": 0.49597,
  "webis-touche2020/MAP@10": 0.14489,
  "quora/MAP@10": 0.76417,
  "quora/NDCG@3": 0.77302,
  "fiqa/precision@3": 0.27521,
  "quora/precision@3": 0.34253,
  "dbpedia-entity/Recall@3": 0.18316,
  "dbpedia-entity/precision@10": 0.4325,
  "fiqa/NDCG@3": 0.41492,
  "nfcorpus/Recall@3": 0.12082,
  "_runtime": 272445.985676527,
  "scidocs/Recall@3": 0.10953,
  "germanquad/Recall@3": 0.53327,
  "scidocs/MAP@3": 0.08733,
  "msmarco/precision@10": 0.07013,
  "webis-touche2020/precision@3": 0.40136,
  "fiqa/precision@10": 0.11759,
  "msmarco/Recall@10": 0.67151,
  "dbpedia-entity/Recall@10": 0.3117,
  "climate-fever/precision@3": 0.17394,
  "climate-fever/precision@10": 0.10821,
  "fever/MAP@3": 0.74609,
  "cqadupstack/MAP@3": 0.3443025,
  "nq/Recall@10": 0.83613,
  "dbpedia-entity/MAP@10": 0.25186,
  "msmarco/Recall@3": 0.46269,
  "fiqa/Recall@3": 0.36861,
  "quora/Recall@10": 0.89565,
  "fiqa/MAP@10": 0.36798,
  "nfcorpus/NDCG@3": 0.46383,
  "nq/precision@10": 0.09994,
  "climate-fever/Recall@3": 0.21358,
  "webis-touche2020/MAP@3": 0.07748,
  "germanquad/precision@10": 0.06815,
  "hotpotqa/NDCG@3": 0.77076,
  "msmarco/NDCG@3": 0.37886,
  "arguana/Recall@3": 0.36984,
  "cqadupstack/MAP@10": 0.3692583333333333,
  "scidocs/precision@3": 0.18,
  "fever/NDCG@3": 0.7759,
  "hotpotqa/MAP@10": 0.73866,
  "nfcorpus/NDCG@10": 0.38105,
  "trec-covid/MAP@10": 0.02259,
  "trec-covid/precision@3": 0.96667,
  "arguana/MAP@3": 0.25202,
  "dbpedia-entity/NDCG@10": 0.52404,
  "webis-touche2020/NDCG@3": 0.40983,
  "nfcorpus/precision@10": 0.27554,
  "arguana/Recall@10": 0.62873,
  "cqadupstack/precision@10": 0.071495,
  "_step": 15,
  "nfcorpus/MAP@10": 0.14531,
  "nfcorpus/precision@3": 0.44272,
  "nfcorpus/MAP@3": 0.11054,
  "climate-fever/MAP@3": 0.16376,
  "cqadupstack/precision@3": 0.17505916666666663,
  "nq/NDCG@3": 0.59126
}