{
  "scifact/MAP@3": 0.68007,
  "fever/Recall@10": 0.96076,
  "climate-fever/MAP@10": 0.32644,
  "dbpedia-entity/NDCG@3": 0.52016,
  "hotpotqa/precision@10": 0.1618,
  "msmarco/NDCG@10": 0.4658,
  "arguana/Recall@3": 0.3229,
  "fever/precision@3": 0.34658,
  "arguana/precision@10": 0.06714,
  "dbpedia-entity/NDCG@10": 0.48499,
  "dbpedia-entity/Recall@10": 0.28989,
  "fiqa/Recall@10": 0.51481,
  "quora/Recall@3": 0.75518,
  "hotpotqa/MAP@10": 0.76703,
  "dbpedia-entity/MAP@3": 0.15744,
  "fiqa/NDCG@3": 0.39453,
  "hotpotqa/Recall@3": 0.77549,
  "fever/precision@10": 0.10794,
  "webis-touche2020/MAP@10": 0.13081,
  "climate-fever/precision@3": 0.2797,
  "fever/MAP@10": 0.90689,
  "germanquad/NDCG@3": 0.24088,
  "trec-covid/MAP@10": 0.02209,
  "scifact/precision@3": 0.27556,
  "quora/NDCG@10": 0.77515,
  "arguana/NDCG@3": 0.24621,
  "msmarco/precision@3": 0.16676,
  "germanquad/precision@3": 0.08806,
  "cqadupstack/precision@3": 0.16497833333333334,
  "fever/MAP@3": 0.90059,
  "nfcorpus/NDCG@3": 0.42003,
  "nq/precision@10": 0.10136,
  "fiqa/MAP@10": 0.34765,
  "arguana/Recall@10": 0.67141,
  "nfcorpus/precision@3": 0.39319,
  "scidocs/Recall@10": 0.20685,
  "quora/precision@10": 0.12619,
  "fiqa/Recall@3": 0.36617,
  "scifact/NDCG@3": 0.70668,
  "nfcorpus/MAP@10": 0.13409,
  "hotpotqa/NDCG@3": 0.80405,
  "nfcorpus/Recall@10": 0.17207,
  "climate-fever/Recall@3": 0.33067,
  "scidocs/Recall@3": 0.1026,
  "hotpotqa/Recall@10": 0.80898,
  "webis-touche2020/Recall@10": 0.20302,
  "nq/MAP@3": 0.5221,
  "quora/MAP@10": 0.71501,
  "arguana/MAP@10": 0.27893,
  "climate-fever/MAP@3": 0.27506,
  "cqadupstack/Recall@10": 0.5485375,
  "trec-covid/precision@3": 0.94,
  "webis-touche2020/MAP@3": 0.06993,
  "dbpedia-entity/Recall@3": 0.17041,
  "fiqa/MAP@3": 0.30267,
  "scidocs/MAP@3": 0.07782,
  "germanquad/MAP@10": 0.23516,
  "germanquad/precision@10": 0.02754,
  "climate-fever/NDCG@3": 0.36787,
  "trec-covid/Recall@10": 0.02318,
  "_step": 15,
  "_wandb.runtime": 18164,
  "_runtime": 18164.03641104698,
  "arguana/NDCG@10": 0.3707,
  "scifact/Recall@3": 0.75822,
  "cqadupstack/MAP@10": 0.35648250000000004,
  "nq/Recall@10": 0.84987,
  "fever/NDCG@10": 0.93054,
  "nq/precision@3": 0.2527,
  "cqadupstack/NDCG@10": 0.4148433333333334,
  "msmarco/MAP@3": 0.35867,
  "cqadupstack/MAP@3": 0.3239241666666667,
  "scifact/Recall@10": 0.85922,
  "webis-touche2020/Recall@3": 0.0834,
  "dbpedia-entity/precision@3": 0.5525,
  "nq/NDCG@10": 0.64221,
  "fiqa/precision@10": 0.12037,
  "germanquad/Recall@10": 0.27544,
  "cqadupstack/Recall@3": 0.3908466666666666,
  "hotpotqa/precision@3": 0.51699,
  "nfcorpus/precision@10": 0.26718,
  "germanquad/MAP@3": 0.2328,
  "cqadupstack/NDCG@3": 0.3578775,
  "trec-covid/NDCG@10": 0.84497,
  "arguana/MAP@3": 0.21989,
  "scidocs/NDCG@10": 0.19134,
  "_timestamp": 1714650509.980273,
  "scifact/NDCG@10": 0.74497,
  "fiqa/NDCG@10": 0.43306,
  "msmarco/NDCG@3": 0.39213,
  "scidocs/NDCG@3": 0.17661,
  "trec-covid/Recall@3": 0.00731,
  "webis-touche2020/precision@10": 0.29592,
  "webis-touche2020/precision@3": 0.39456,
  "quora/MAP@3": 0.67422,
  "nfcorpus/Recall@3": 0.1121,
  "arguana/precision@3": 0.10763,
  "msmarco/Recall@3": 0.48177,
  "scidocs/precision@10": 0.1019,
  "scifact/precision@10": 0.09733,
  "climate-fever/NDCG@10": 0.42858,
  "trec-covid/precision@10": 0.89,
  "cqadupstack/precision@10": 0.0748225,
  "nq/NDCG@3": 0.56495,
  "fiqa/precision@3": 0.26543,
  "germanquad/Recall@3": 0.26419,
  "climate-fever/precision@10": 0.13251,
  "trec-covid/MAP@3": 0.00717,
  "dbpedia-entity/MAP@10": 0.2334,
  "trec-covid/NDCG@3": 0.88642,
  "scifact/MAP@10": 0.70403,
  "quora/Recall@10": 0.90955,
  "msmarco/Recall@10": 0.68093,
  "germanquad/NDCG@10": 0.24532,
  "scidocs/precision@3": 0.16833,
  "msmarco/precision@10": 0.07117,
  "climate-fever/Recall@10": 0.48748,
  "webis-touche2020/NDCG@3": 0.38121,
  "webis-touche2020/NDCG@10": 0.33221,
  "fever/NDCG@3": 0.92389,
  "msmarco/MAP@10": 0.39515,
  "scidocs/MAP@10": 0.11161,
  "nfcorpus/MAP@3": 0.10105,
  "hotpotqa/NDCG@10": 0.81972,
  "dbpedia-entity/precision@10": 0.39625,
  "nq/Recall@3": 0.6544,
  "quora/NDCG@3": 0.71867,
  "hotpotqa/MAP@3": 0.75469,
  "quora/precision@3": 0.31943,
  "nq/MAP@10": 0.56542,
  "fever/Recall@3": 0.94096,
  "nfcorpus/NDCG@10": 0.36072
}