{
  "fever/Recall@3": 0.91198,
  "nfcorpus/MAP@10": 0.14122,
  "_runtime": 156227.20464587212,
  "germanquad/MAP@3": 0.08896,
  "hotpotqa/MAP@10": 0.65381,
  "msmarco/Recall@3": 0.41927,
  "quora/precision@10": 0.13239,
  "trec-covid/NDCG@10": 0.79651,
  "_wandb.runtime": 156230,
  "fiqa/MAP@3": 0.30573,
  "scifact/MAP@3": 0.65735,
  "scidocs/Recall@3": 0.11167,
  "cqadupstack/Recall@10": 0.5619200000000001,
  "webis-touche2020/Recall@10": 0.19185,
  "fiqa/NDCG@10": 0.42386,
  "cqadupstack/MAP@10": 0.382035,
  "germanquad/NDCG@10": 0.13108,
  "msmarco/precision@10": 0.0666,
  "scidocs/NDCG@10": 0.21094,
  "quora/NDCG@3": 0.8457,
  "arguana/NDCG@3": 0.46415,
  "nfcorpus/NDCG@10": 0.36746,
  "msmarco/precision@3": 0.14446,
  "climate-fever/NDCG@3": 0.33432,
  "nfcorpus/MAP@3": 0.10395,
  "scifact/Recall@3": 0.74211,
  "trec-covid/precision@10": 0.846,
  "fiqa/precision@3": 0.25874,
  "fiqa/precision@10": 0.11466,
  "cqadupstack/NDCG@10": 0.43800833333333333,
  "cqadupstack/Recall@3": 0.4240433333333333,
  "dbpedia-entity/NDCG@10": 0.44729,
  "climate-fever/Recall@10": 0.45198,
  "webis-touche2020/precision@10": 0.27347,
  "nq/MAP@3": 0.5093,
  "fever/MAP@10": 0.85509,
  "scifact/NDCG@3": 0.68685,
  "climate-fever/MAP@3": 0.24835,
  "germanquad/Recall@10": 0.21722,
  "scidocs/precision@10": 0.109,
  "arguana/MAP@3": 0.42651,
  "scidocs/NDCG@3": 0.19875,
  "hotpotqa/Recall@3": 0.66232,
  "trec-covid/MAP@10": 0.02069,
  "nfcorpus/Recall@10": 0.17919,
  "trec-covid/Recall@10": 0.02253,
  "webis-touche2020/MAP@3": 0.06863,
  "climate-fever/precision@10": 0.12111,
  "nfcorpus/precision@10": 0.2709,
  "dbpedia-entity/Recall@3": 0.16634,
  "dbpedia-entity/precision@10": 0.3625,
  "arguana/Recall@10": 0.85206,
  "cqadupstack/MAP@3": 0.35181083333333335,
  "dbpedia-entity/MAP@3": 0.1531,
  "webis-touche2020/Recall@3": 0.07961,
  "webis-touche2020/precision@3": 0.36735,
  "trec-covid/Recall@3": 0.0071,
  "hotpotqa/precision@3": 0.44155,
  "fiqa/Recall@3": 0.36379,
  "quora/Recall@3": 0.86319,
  "fever/Recall@10": 0.95389,
  "climate-fever/MAP@10": 0.2947,
  "nfcorpus/precision@3": 0.39628,
  "fiqa/Recall@10": 0.49535,
  "scifact/precision@3": 0.26889,
  "arguana/precision@10": 0.08521,
  "hotpotqa/precision@10": 0.1541,
  "dbpedia-entity/precision@3": 0.5275,
  "_step": 15,
  "nq/Recall@3": 0.62621,
  "arguana/NDCG@10": 0.56435,
  "arguana/Recall@3": 0.57326,
  "fever/precision@3": 0.33338,
  "fiqa/NDCG@3": 0.39084,
  "fever/NDCG@10": 0.89018,
  "hotpotqa/MAP@3": 0.61765,
  "nq/precision@10": 0.09789,
  "quora/Recall@10": 0.94553,
  "hotpotqa/NDCG@10": 0.7366,
  "quora/precision@3": 0.36947,
  "cqadupstack/precision@3": 0.17883749999999998,
  "germanquad/precision@10": 0.02172,
  "msmarco/MAP@10": 0.34607,
  "germanquad/MAP@10": 0.10455,
  "webis-touche2020/MAP@10": 0.13079,
  "cqadupstack/precision@10": 0.07651999999999999,
  "climate-fever/precision@3": 0.25081,
  "nq/MAP@10": 0.55095,
  "arguana/MAP@10": 0.4745,
  "msmarco/Recall@10": 0.63801,
  "trec-covid/NDCG@3": 0.83458,
  "hotpotqa/Recall@10": 0.77049,
  "scifact/precision@10": 0.098,
  "msmarco/MAP@3": 0.30633,
  "scidocs/Recall@10": 0.22092,
  "nq/NDCG@3": 0.54746,
  "fiqa/MAP@10": 0.34443,
  "scifact/NDCG@10": 0.73452,
  "scidocs/precision@3": 0.18367,
  "webis-touche2020/NDCG@3": 0.35894,
  "fever/MAP@3": 0.8443,
  "nq/Recall@10": 0.82317,
  "trec-covid/MAP@3": 0.00688,
  "dbpedia-entity/MAP@10": 0.21421,
  "dbpedia-entity/Recall@10": 0.26597,
  "climate-fever/Recall@3": 0.30225,
  "scidocs/MAP@3": 0.08968,
  "scidocs/MAP@10": 0.12693,
  "webis-touche2020/NDCG@10": 0.31469,
  "_timestamp": 1714477498.604162,
  "quora/NDCG@10": 0.87423,
  "nfcorpus/NDCG@3": 0.42187,
  "scifact/Recall@10": 0.868,
  "arguana/precision@3": 0.19109,
  "nq/precision@3": 0.24295,
  "cqadupstack/NDCG@3": 0.3881333333333333,
  "dbpedia-entity/NDCG@3": 0.49147,
  "quora/MAP@10": 0.83602,
  "trec-covid/precision@3": 0.88667,
  "msmarco/NDCG@3": 0.33694,
  "climate-fever/NDCG@10": 0.39372,
  "germanquad/precision@3": 0.04175,
  "nq/NDCG@10": 0.62427,
  "quora/MAP@3": 0.80706,
  "hotpotqa/NDCG@3": 0.68721,
  "nfcorpus/Recall@3": 0.1134,
  "germanquad/Recall@3": 0.12524,
  "fever/NDCG@3": 0.87455,
  "scifact/MAP@10": 0.68581,
  "msmarco/NDCG@10": 0.41766,
  "germanquad/NDCG@3": 0.09825,
  "fever/precision@10": 0.10659
}