{
  "webis-touche2020/Recall@10": 0.21837,
  "nfcorpus/Recall@3": 0.12287,
  "cqadupstack/NDCG@10": 0.4044383333333332,
  "cqadupstack/MAP@3": 0.33761833333333335,
  "quora/NDCG@10": 0.81061,
  "scifact/NDCG@3": 0.72433,
  "arguana/Recall@3": 0.42603,
  "fiqa/precision@3": 0.27675,
  "cqadupstack/precision@3": 0.16977166666666663,
  "climate-fever/NDCG@10": 0.29712,
  "fiqa/precision@10": 0.11358,
  "dbpedia-entity/NDCG@10": 0.49843,
  "quora/precision@10": 0.12912,
  "climate-fever/MAP@3": 0.1658,
  "webis-touche2020/precision@10": 0.32245,
  "scifact/MAP@10": 0.72384,
  "nfcorpus/NDCG@10": 0.3801,
  "arguana/precision@10": 0.07191,
  "webis-touche2020/NDCG@3": 0.45543,
  "trec-covid/MAP@10": 0.0215,
  "nfcorpus/Recall@10": 0.17563,
  "scidocs/MAP@3": 0.08466,
  "scifact/MAP@3": 0.70143,
  "climate-fever/Recall@3": 0.20763,
  "webis-touche2020/Recall@3": 0.09685,
  "hotpotqa/MAP@3": 0.63099,
  "climate-fever/NDCG@3": 0.22938,
  "hotpotqa/NDCG@3": 0.70378,
  "scifact/NDCG@10": 0.75781,
  "cqadupstack/Recall@10": 0.4976141666666667,
  "dbpedia-entity/NDCG@3": 0.55219,
  "nfcorpus/precision@10": 0.27028,
  "quora/NDCG@3": 0.76666,
  "quora/Recall@3": 0.79639,
  "hotpotqa/NDCG@10": 0.74687,
  "trec-covid/MAP@3": 0.00715,
  "arguana/Recall@10": 0.71906,
  "cqadupstack/Recall@3": 0.399505,
  "hotpotqa/precision@10": 0.15179,
  "nq/Recall@3": 0.66334,
  "nq/precision@10": 0.09867,
  "hotpotqa/MAP@10": 0.66284,
  "nfcorpus/MAP@10": 0.14921,
  "scidocs/NDCG@10": 0.19012,
  "scidocs/Recall@10": 0.1965,
  "hotpotqa/Recall@10": 0.75895,
  "fiqa/Recall@3": 0.37267,
  "scidocs/MAP@10": 0.11538,
  "dbpedia-entity/precision@3": 0.59333,
  "climate-fever/Recall@10": 0.37135,
  "cqadupstack/precision@10": 0.06757583333333333,
  "climate-fever/precision@10": 0.09831,
  "webis-touche2020/precision@3": 0.46939,
  "scidocs/precision@3": 0.17633,
  "climate-fever/MAP@10": 0.20703,
  "hotpotqa/precision@3": 0.44177,
  "nq/Recall@10": 0.828,
  "arguana/MAP@3": 0.30263,
  "trec-covid/Recall@10": 0.02269,
  "fiqa/NDCG@10": 0.43571,
  "scidocs/Recall@3": 0.10713,
  "scifact/precision@10": 0.096,
  "webis-touche2020/MAP@10": 0.15169,
  "nq/MAP@10": 0.57746,
  "fiqa/Recall@10": 0.48023,
  "scifact/Recall@3": 0.76439,
  "fiqa/MAP@3": 0.3281,
  "nq/NDCG@10": 0.64659,
  "scifact/Recall@10": 0.84856,
  "quora/Recall@10": 0.92015,
  "cqadupstack/MAP@10": 0.35895916666666666,
  "arguana/precision@3": 0.14201,
  "trec-covid/Recall@3": 0.00726,
  "nq/NDCG@3": 0.5813,
  "fiqa/NDCG@3": 0.41607,
  "dbpedia-entity/Recall@3": 0.1806,
  "trec-covid/NDCG@3": 0.91,
  "dbpedia-entity/Recall@10": 0.29926,
  "dbpedia-entity/MAP@10": 0.24597,
  "quora/MAP@10": 0.76248,
  "arguana/MAP@10": 0.3551,
  "hotpotqa/Recall@3": 0.66266,
  "nfcorpus/MAP@3": 0.11461,
  "arguana/NDCG@10": 0.44154,
  "nfcorpus/precision@3": 0.42518,
  "nq/MAP@3": 0.5413,
  "arguana/NDCG@3": 0.33424,
  "climate-fever/precision@3": 0.17112,
  "_step": 12,
  "_runtime": 185141.46609449387,
  "quora/precision@3": 0.34297,
  "cqadupstack/NDCG@3": 0.3706016666666667,
  "scifact/precision@3": 0.27667,
  "scidocs/precision@10": 0.0969,
  "webis-touche2020/MAP@3": 0.08362,
  "dbpedia-entity/precision@10": 0.40425,
  "quora/MAP@3": 0.72763,
  "scidocs/NDCG@3": 0.18628,
  "dbpedia-entity/MAP@3": 0.1685,
  "trec-covid/precision@10": 0.882,
  "fiqa/MAP@10": 0.36463,
  "trec-covid/precision@3": 0.92667,
  "webis-touche2020/NDCG@10": 0.37141,
  "nfcorpus/NDCG@3": 0.45698,
  "trec-covid/NDCG@10": 0.84607,
  "_timestamp": 1717175965.3343415,
  "nq/precision@3": 0.25608,
  "germanquad/Recall@3": 0.57877,
  "fever/MAP@10": 0.77927,
  "fever/Recall@3": 0.82813,
  "msmarco/NDCG@3": 0.37452,
  "msmarco/precision@10": 0.07123,
  "germanquad/precision@10": 0.07162,
  "fever/NDCG@10": 0.82219,
  "msmarco/MAP@10": 0.38285,
  "fever/Recall@10": 0.91431,
  "germanquad/MAP@10": 0.50243,
  "msmarco/Recall@10": 0.68024,
  "fever/NDCG@3": 0.79104,
  "msmarco/NDCG@10": 0.4558,
  "germanquad/NDCG@3": 0.50291,
  "msmarco/MAP@3": 0.34288,
  "msmarco/precision@3": 0.15879,
  "germanquad/MAP@3": 0.4766,
  "msmarco/Recall@3": 0.45954,
  "fever/precision@10": 0.10168,
  "germanquad/Recall@10": 0.71624,
  "germanquad/precision@3": 0.19292,
  "fever/MAP@3": 0.76201,
  "fever/precision@3": 0.30278,
  "germanquad/NDCG@10": 0.55436
}