{
  "quora/NDCG@3": 0.77766,
  "arguana/precision@10": 0.07454,
  "cqadupstack/precision@3": 0.1800125,
  "quora/MAP@3": 0.73908,
  "nfcorpus/NDCG@3": 0.4739,
  "scidocs/Recall@10": 0.2227,
  "cqadupstack/MAP@10": 0.38325916666666665,
  "nq/MAP@10": 0.59973,
  "arguana/NDCG@10": 0.4751,
  "scifact/precision@3": 0.28889,
  "cqadupstack/Recall@10": 0.5521799999999999,
  "quora/precision@3": 0.34597,
  "trec-covid/MAP@10": 0.02264,
  "trec-covid/Recall@3": 0.00753,
  "climate-fever/NDCG@10": 0.34257,
  "nq/Recall@3": 0.68576,
  "arguana/NDCG@3": 0.37186,
  "fiqa/Recall@10": 0.50728,
  "msmarco/MAP@10": 0.36861,
  "nfcorpus/precision@10": 0.28204,
  "climate-fever/Recall@10": 0.43942,
  "dbpedia-entity/precision@3": 0.6,
  "quora/precision@10": 0.12914,
  "msmarco/MAP@3": 0.32847,
  "arguana/MAP@10": 0.39103,
  "nfcorpus/MAP@10": 0.15226,
  "nq/precision@10": 0.10264,
  "nq/NDCG@10": 0.67063,
  "quora/NDCG@10": 0.81817,
  "msmarco/Recall@10": 0.66092,
  "cqadupstack/Recall@3": 0.41997,
  "dbpedia-entity/NDCG@3": 0.56231,
  "scidocs/MAP@3": 0.09466,
  "cqadupstack/MAP@3": 0.3546924999999999,
  "arguana/precision@3": 0.1541,
  "dbpedia-entity/precision@10": 0.4235,
  "_runtime": 209805.2449893951,
  "msmarco/NDCG@3": 0.35846,
  "hotpotqa/NDCG@10": 0.79094,
  "nfcorpus/NDCG@10": 0.39215,
  "hotpotqa/MAP@3": 0.67619,
  "quora/Recall@3": 0.80574,
  "nfcorpus/Recall@3": 0.12465,
  "hotpotqa/precision@10": 0.16331,
  "scidocs/precision@10": 0.1099,
  "cqadupstack/precision@10": 0.07580083333333333,
  "webis-touche2020/precision@3": 0.44898,
  "dbpedia-entity/Recall@10": 0.30885,
  "nq/Recall@10": 0.86059,
  "cqadupstack/NDCG@3": 0.3893424999999999,
  "cqadupstack/NDCG@10": 0.436065,
  "hotpotqa/precision@3": 0.47216,
  "fiqa/precision@3": 0.27521,
  "scidocs/Recall@3": 0.11948,
  "trec-covid/MAP@3": 0.00742,
  "_step": 13,
  "nq/MAP@3": 0.56065,
  "arguana/MAP@3": 0.3408,
  "scifact/MAP@10": 0.73411,
  "_timestamp": 1717152508.6535804,
  "trec-covid/NDCG@3": 0.90397,
  "scidocs/precision@3": 0.19667,
  "webis-touche2020/precision@10": 0.30612,
  "fiqa/MAP@10": 0.37022,
  "arguana/Recall@3": 0.4623,
  "climate-fever/NDCG@3": 0.25583,
  "msmarco/precision@10": 0.06904,
  "fiqa/NDCG@3": 0.41378,
  "scidocs/NDCG@3": 0.20683,
  "quora/Recall@10": 0.91862,
  "nfcorpus/Recall@10": 0.18948,
  "climate-fever/Recall@3": 0.23502,
  "nfcorpus/MAP@3": 0.11379,
  "scidocs/MAP@10": 0.13146,
  "nfcorpus/precision@3": 0.44788,
  "trec-covid/Recall@10": 0.0236,
  "climate-fever/precision@10": 0.11772,
  "fiqa/Recall@3": 0.37056,
  "arguana/Recall@10": 0.74538,
  "webis-touche2020/MAP@10": 0.14438,
  "webis-touche2020/Recall@3": 0.09411,
  "scifact/Recall@3": 0.79144,
  "scifact/Recall@10": 0.877,
  "dbpedia-entity/MAP@3": 0.17259,
  "scifact/precision@10": 0.099,
  "hotpotqa/MAP@10": 0.71295,
  "dbpedia-entity/Recall@3": 0.18492,
  "webis-touche2020/Recall@10": 0.2072,
  "scidocs/NDCG@10": 0.21349,
  "hotpotqa/NDCG@3": 0.74232,
  "scifact/NDCG@10": 0.77225,
  "fiqa/NDCG@10": 0.44641,
  "msmarco/NDCG@10": 0.4402,
  "msmarco/Recall@3": 0.43914,
  "dbpedia-entity/MAP@10": 0.25224,
  "hotpotqa/Recall@3": 0.70824,
  "trec-covid/NDCG@10": 0.85631,
  "trec-covid/precision@10": 0.896,
  "webis-touche2020/NDCG@10": 0.36353,
  "trec-covid/precision@3": 0.94,
  "webis-touche2020/NDCG@3": 0.45441,
  "nq/precision@3": 0.26497,
  "scifact/NDCG@3": 0.73862,
  "climate-fever/precision@3": 0.19566,
  "fiqa/MAP@3": 0.32699,
  "hotpotqa/Recall@10": 0.81654,
  "climate-fever/MAP@10": 0.23812,
  "dbpedia-entity/NDCG@10": 0.51712,
  "quora/MAP@10": 0.77266,
  "scifact/MAP@3": 0.71124,
  "fiqa/precision@10": 0.11991,
  "climate-fever/MAP@3": 0.18308,
  "nq/NDCG@3": 0.60139,
  "msmarco/precision@3": 0.15143,
  "webis-touche2020/MAP@3": 0.08267,
  "fever/Recall@10": 0.94025,
  "fever/precision@3": 0.30888,
  "germanquad/MAP@10": 0.48701,
  "fever/precision@10": 0.10572,
  "germanquad/Recall@10": 0.6908,
  "germanquad/NDCG@3": 0.48687,
  "germanquad/Recall@3": 0.55822,
  "fever/NDCG@10": 0.83493,
  "fever/Recall@3": 0.84323,
  "germanquad/MAP@3": 0.46217,
  "germanquad/NDCG@10": 0.53641,
  "germanquad/precision@3": 0.18607,
  "germanquad/precision@10": 0.06908,
  "fever/MAP@3": 0.76757,
  "fever/NDCG@3": 0.79873,
  "fever/MAP@10": 0.78826
}