{
  "nfcorpus/NDCG@10": 0.24615,
  "fiqa/precision@10": 0.06034,
  "scidocs/Recall@10": 0.10108,
  "cqadupstack/NDCG@10": 0.2706541666666667,
  "germanquad/Recall@3": 0.41928,
  "fever/MAP@3": 0.6868,
  "msmarco/precision@10": 0.01936,
  "scifact/precision@10": 0.08167,
  "webis-touche2020/MAP@3": 0.06409,
  "dbpedia-entity/Recall@10": 0.09486,
  "cqadupstack/NDCG@3": 0.2571866666666667,
  "hotpotqa/Recall@10": 0.52154,
  "nfcorpus/precision@3": 0.29825,
  "webis-touche2020/NDCG@10": 0.32224,
  "scidocs/NDCG@3": 0.11056,
  "germanquad/NDCG@3": 0.37755,
  "hotpotqa/precision@3": 0.3413,
  "climate-fever/Recall@10": 0.23568,
  "climate-fever/precision@3": 0.15983,
  "fever/Recall@10": 0.71541,
  "msmarco/Recall@3": 0.14872,
  "cqadupstack/Recall@10": 0.31151,
  "cqadupstack/precision@3": 0.11478083333333332,
  "webis-touche2020/NDCG@3": 0.37752,
  "scifact/NDCG@3": 0.62583,
  "trec-covid/precision@3": 0.76,
  "dbpedia-entity/Recall@3": 0.05926,
  "trec-covid/NDCG@3": 0.6848,
  "msmarco/MAP@10": 0.12421,
  "nq/precision@10": 0.01987,
  "trec-covid/precision@10": 0.656,
  "arguana/MAP@3": 0.1771,
  "nq/Recall@10": 0.16278,
  "msmarco/MAP@3": 0.11761,
  "fever/NDCG@3": 0.70217,
  "nfcorpus/Recall@10": 0.10473,
  "cqadupstack/precision@10": 0.04195416666666666,
  "arguana/MAP@10": 0.21691,
  "quora/MAP@10": 0.69373,
  "quora/Recall@3": 0.73281,
  "nq/Recall@3": 0.14424,
  "scidocs/MAP@10": 0.05999,
  "scifact/NDCG@10": 0.65037,
  "fever/NDCG@10": 0.70424,
  "scifact/MAP@10": 0.62091,
  "arguana/NDCG@10": 0.28063,
  "scidocs/precision@3": 0.10133,
  "scidocs/precision@10": 0.0496,
  "_wandb.runtime": 69610,
  "hotpotqa/MAP@10": 0.5058,
  "trec-covid/Recall@3": 0.00569,
  "fiqa/Recall@10": 0.265,
  "fever/precision@3": 0.25838,
  "fever/precision@10": 0.07901,
  "nq/NDCG@10": 0.14188,
  "climate-fever/NDCG@10": 0.23686,
  "dbpedia-entity/NDCG@3": 0.22983,
  "hotpotqa/NDCG@3": 0.56541,
  "quora/NDCG@3": 0.70719,
  "dbpedia-entity/NDCG@10": 0.18666,
  "fiqa/NDCG@10": 0.24544,
  "germanquad/MAP@3": 0.36301,
  "trec-covid/MAP@3": 0.00548,
  "cqadupstack/MAP@3": 0.23600083333333333,
  "nfcorpus/Recall@3": 0.07926,
  "hotpotqa/MAP@3": 0.50266,
  "quora/precision@10": 0.11202,
  "dbpedia-entity/MAP@3": 0.05397,
  "germanquad/Recall@10": 0.45303,
  "webis-touche2020/precision@3": 0.38776,
  "webis-touche2020/precision@10": 0.27551,
  "arguana/Recall@10": 0.4872,
  "fiqa/precision@3": 0.14969,
  "trec-covid/MAP@10": 0.01332,
  "nq/MAP@10": 0.12998,
  "fiqa/MAP@10": 0.19585,
  "fiqa/NDCG@3": 0.23736,
  "climate-fever/Recall@3": 0.19186,
  "germanquad/precision@3": 0.13976,
  "fiqa/MAP@3": 0.17993,
  "_step": 15,
  "quora/NDCG@10": 0.74184,
  "webis-touche2020/MAP@10": 0.12208,
  "_runtime": 69610.3858704567,
  "msmarco/NDCG@3": 0.12651,
  "nfcorpus/MAP@3": 0.07341,
  "nfcorpus/MAP@10": 0.08842,
  "germanquad/NDCG@10": 0.39009,
  "dbpedia-entity/MAP@10": 0.07459,
  "nq/NDCG@3": 0.13428,
  "climate-fever/NDCG@3": 0.22589,
  "hotpotqa/precision@10": 0.10431,
  "nq/precision@3": 0.05774,
  "hotpotqa/Recall@3": 0.51195,
  "germanquad/precision@10": 0.0453,
  "webis-touche2020/Recall@3": 0.07864,
  "climate-fever/precision@10": 0.06137,
  "scidocs/Recall@3": 0.06208,
  "msmarco/NDCG@10": 0.13986,
  "scidocs/NDCG@10": 0.10459,
  "scifact/Recall@3": 0.66428,
  "germanquad/MAP@10": 0.36926,
  "trec-covid/NDCG@10": 0.61341,
  "arguana/precision@3": 0.0863,
  "climate-fever/MAP@3": 0.16866,
  "scidocs/MAP@3": 0.04801,
  "arguana/NDCG@3": 0.19804,
  "arguana/Recall@3": 0.25889,
  "scifact/Recall@10": 0.7245,
  "cqadupstack/MAP@10": 0.24529,
  "msmarco/precision@3": 0.05167,
  "cqadupstack/Recall@3": 0.268965,
  "trec-covid/Recall@10": 0.01526,
  "fever/MAP@10": 0.68898,
  "fiqa/Recall@3": 0.20689,
  "scifact/MAP@3": 0.6042,
  "hotpotqa/NDCG@10": 0.56996,
  "climate-fever/MAP@10": 0.1818,
  "nfcorpus/precision@10": 0.16842,
  "_timestamp": 1714870876.8248894,
  "dbpedia-entity/precision@3": 0.26333,
  "webis-touche2020/Recall@10": 0.18309,
  "dbpedia-entity/precision@10": 0.1605,
  "arguana/precision@10": 0.04872,
  "quora/MAP@3": 0.66672,
  "msmarco/Recall@10": 0.18405,
  "quora/precision@3": 0.30837,
  "nq/MAP@3": 0.12564,
  "nfcorpus/NDCG@3": 0.32021,
  "quora/Recall@10": 0.83273,
  "scifact/precision@3": 0.23889,
  "fever/Recall@3": 0.70794
}