{
  "cqadupstack/Recall@3": 0.2571408333333333,
  "arguana/Recall@10": 0.48293,
  "scifact/precision@3": 0.23556,
  "cqadupstack/MAP@3": 0.2281425,
  "trec-covid/NDCG@10": 0.58847,
  "fever/NDCG@3": 0.64541,
  "arguana/NDCG@3": 0.21055,
  "germanquad/NDCG@10": 0.35637,
  "germanquad/precision@10": 0.04075,
  "webis-touche2020/NDCG@3": 0.4184,
  "fiqa/precision@10": 0.05355,
  "trec-covid/NDCG@3": 0.65715,
  "webis-touche2020/precision@10": 0.27551,
  "scidocs/MAP@3": 0.04353,
  "quora/Recall@10": 0.81489,
  "msmarco/NDCG@3": 0.11176,
  "quora/precision@10": 0.10913,
  "webis-touche2020/Recall@10": 0.17768,
  "quora/MAP@10": 0.68898,
  "scifact/MAP@3": 0.59334,
  "nfcorpus/MAP@3": 0.07283,
  "nq/precision@10": 0.01608,
  "trec-covid/MAP@10": 0.01254,
  "cqadupstack/NDCG@3": 0.2479316666666667,
  "germanquad/Recall@10": 0.40753,
  "nfcorpus/MAP@10": 0.08712,
  "nfcorpus/NDCG@3": 0.31107,
  "fiqa/Recall@3": 0.19047,
  "hotpotqa/NDCG@10": 0.53323,
  "scifact/NDCG@10": 0.63629,
  "hotpotqa/Recall@3": 0.47576,
  "climate-fever/NDCG@10": 0.20466,
  "trec-covid/precision@3": 0.72667,
  "_runtime": 35159.35484600067,
  "quora/MAP@3": 0.66542,
  "scifact/precision@10": 0.079,
  "trec-covid/precision@10": 0.624,
  "fiqa/precision@3": 0.1358,
  "msmarco/precision@10": 0.01643,
  "nq/precision@3": 0.04809,
  "trec-covid/MAP@3": 0.0053,
  "climate-fever/MAP@3": 0.14872,
  "cqadupstack/precision@3": 0.10953083333333334,
  "fiqa/MAP@3": 0.1707,
  "fiqa/Recall@10": 0.23766,
  "fever/precision@3": 0.23667,
  "quora/precision@3": 0.30703,
  "dbpedia-entity/NDCG@10": 0.16765,
  "dbpedia-entity/precision@10": 0.13925,
  "quora/NDCG@3": 0.7057,
  "scifact/Recall@3": 0.65261,
  "webis-touche2020/precision@3": 0.42857,
  "dbpedia-entity/MAP@3": 0.05166,
  "nfcorpus/precision@3": 0.28586,
  "nq/MAP@10": 0.10874,
  "hotpotqa/MAP@3": 0.46797,
  "msmarco/MAP@10": 0.10949,
  "nfcorpus/NDCG@10": 0.24168,
  "germanquad/NDCG@3": 0.34666,
  "hotpotqa/Recall@10": 0.48177,
  "fever/NDCG@10": 0.64686,
  "arguana/MAP@10": 0.22653,
  "msmarco/NDCG@10": 0.1219,
  "scidocs/Recall@10": 0.08967,
  "cqadupstack/NDCG@10": 0.257805,
  "climate-fever/MAP@10": 0.15785,
  "nfcorpus/precision@10": 0.16409,
  "scidocs/NDCG@3": 0.09962,
  "fever/Recall@10": 0.65577,
  "hotpotqa/precision@10": 0.09635,
  "fever/MAP@10": 0.63304,
  "germanquad/MAP@10": 0.33936,
  "arguana/Recall@3": 0.2724,
  "fiqa/MAP@10": 0.18399,
  "hotpotqa/NDCG@3": 0.53039,
  "quora/Recall@3": 0.72946,
  "scidocs/precision@3": 0.09067,
  "_step": 15,
  "nq/NDCG@3": 0.11312,
  "nq/MAP@3": 0.10588,
  "cqadupstack/precision@10": 0.038886666666666674,
  "webis-touche2020/NDCG@10": 0.32016,
  "arguana/precision@3": 0.0908,
  "dbpedia-entity/MAP@10": 0.06879,
  "trec-covid/Recall@3": 0.00554,
  "webis-touche2020/MAP@3": 0.07307,
  "arguana/NDCG@10": 0.28721,
  "msmarco/Recall@3": 0.12964,
  "fever/precision@10": 0.07214,
  "nfcorpus/Recall@10": 0.10318,
  "germanquad/precision@3": 0.1272,
  "fever/Recall@3": 0.64986,
  "scidocs/MAP@10": 0.05386,
  "arguana/precision@10": 0.04829,
  "arguana/MAP@3": 0.18931,
  "germanquad/Recall@3": 0.3816,
  "quora/NDCG@10": 0.73428,
  "scifact/Recall@10": 0.70633,
  "climate-fever/NDCG@3": 0.19883,
  "hotpotqa/precision@3": 0.31717,
  "_timestamp": 1714774295.865577,
  "msmarco/MAP@3": 0.10445,
  "germanquad/MAP@3": 0.33447,
  "climate-fever/precision@3": 0.13768,
  "fiqa/NDCG@3": 0.22222,
  "msmarco/Recall@10": 0.15646,
  "cqadupstack/MAP@10": 0.2356175,
  "scidocs/precision@10": 0.044,
  "dbpedia-entity/Recall@3": 0.05669,
  "nq/NDCG@10": 0.11793,
  "nq/Recall@10": 0.13285,
  "hotpotqa/MAP@10": 0.46996,
  "scidocs/NDCG@10": 0.09352,
  "scidocs/Recall@3": 0.05542,
  "climate-fever/Recall@10": 0.19834,
  "dbpedia-entity/Recall@10": 0.08915,
  "webis-touche2020/Recall@3": 0.08659,
  "fever/MAP@3": 0.63141,
  "fiqa/NDCG@10": 0.22681,
  "dbpedia-entity/precision@3": 0.23833,
  "scifact/MAP@10": 0.60815,
  "scifact/NDCG@3": 0.61481,
  "nfcorpus/Recall@3": 0.07742,
  "msmarco/precision@3": 0.04513,
  "trec-covid/Recall@10": 0.01444,
  "cqadupstack/Recall@10": 0.2900908333333333,
  "_wandb.runtime": 35159,
  "nq/Recall@3": 0.12121,
  "webis-touche2020/MAP@10": 0.12105,
  "climate-fever/precision@10": 0.05075,
  "dbpedia-entity/NDCG@3": 0.20947,
  "climate-fever/Recall@3": 0.16749
}