{
  "nfcorpus/MAP@3": 0.0995,
  "nq/MAP@3": 0.41554,
  "scidocs/MAP@3": 0.06598,
  "scidocs/MAP@10": 0.09041,
  "scifact/MAP@10": 0.63623,
  "scidocs/NDCG@10": 0.15677,
  "fiqa/precision@3": 0.20576,
  "arguana/NDCG@3": 0.35728,
  "scidocs/Recall@10": 0.16527,
  "germanquad/Recall@10": 0.36888,
  "arguana/MAP@10": 0.37459,
  "germanquad/MAP@10": 0.21009,
  "germanquad/NDCG@3": 0.20742,
  "dbpedia-entity/Recall@3": 0.15215,
  "nq/MAP@10": 0.4583,
  "nfcorpus/Recall@10": 0.16762,
  "scifact/Recall@10": 0.79022,
  "hotpotqa/precision@3": 0.38262,
  "climate-fever/NDCG@10": 0.22289,
  "climate-fever/Recall@10": 0.26876,
  "webis-touche2020/NDCG@3": 0.33059,
  "nq/NDCG@10": 0.53359,
  "fiqa/NDCG@10": 0.35014,
  "hotpotqa/MAP@3": 0.53201,
  "scifact/NDCG@3": 0.64247,
  "hotpotqa/Recall@10": 0.66989,
  "nfcorpus/precision@10": 0.24892,
  "dbpedia-entity/NDCG@10": 0.41373,
  "_runtime": 1230.7033548355105,
  "scifact/NDCG@10": 0.67863,
  "climate-fever/MAP@10": 0.15652,
  "msmarco/precision@10": 0.07059,
  "dbpedia-entity/precision@10": 0.333,
  "webis-touche2020/precision@3": 0.31293,
  "nq/precision@3": 0.20394,
  "arguana/NDCG@10": 0.46071,
  "fever/precision@10": 0.09914,
  "trec-covid/Recall@3": 0.00703,
  "fiqa/MAP@3": 0.24078,
  "fiqa/NDCG@3": 0.31302,
  "fever/NDCG@10": 0.78881,
  "fiqa/Recall@3": 0.28474,
  "msmarco/NDCG@3": 0.36734,
  "trec-covid/NDCG@10": 0.74738,
  "fiqa/precision@10": 0.09676,
  "msmarco/Recall@10": 0.67406,
  "webis-touche2020/MAP@3": 0.06443,
  "climate-fever/precision@10": 0.06795,
  "fever/Recall@10": 0.90277,
  "scifact/Recall@3": 0.69367,
  "trec-covid/MAP@3": 0.00677,
  "scidocs/precision@10": 0.0815,
  "scifact/precision@10": 0.08967,
  "climate-fever/Recall@3": 0.16818,
  "_wandb.runtime": 1231,
  "nq/Recall@10": 0.73725,
  "fever/Recall@3": 0.81383,
  "quora/Recall@3": 0.84886,
  "germanquad/MAP@3": 0.19023,
  "hotpotqa/precision@10": 0.13398,
  "germanquad/precision@10": 0.03689,
  "_step": 29,
  "nq/Recall@3": 0.53073,
  "arguana/Recall@10": 0.73826,
  "trec-covid/NDCG@3": 0.80592,
  "climate-fever/MAP@3": 0.13342,
  "trec-covid/precision@3": 0.87333,
  "webis-touche2020/NDCG@10": 0.30092,
  "quora/MAP@3": 0.78836,
  "quora/NDCG@10": 0.86082,
  "germanquad/NDCG@10": 0.24814,
  "quora/MAP@10": 0.81927,
  "fiqa/Recall@10": 0.41615,
  "arguana/Recall@3": 0.45164,
  "hotpotqa/NDCG@10": 0.65649,
  "msmarco/MAP@10": 0.37531,
  "arguana/precision@10": 0.07383,
  "climate-fever/NDCG@3": 0.18166,
  "germanquad/precision@3": 0.08578,
  "msmarco/NDCG@10": 0.44899,
  "nfcorpus/NDCG@3": 0.40398,
  "hotpotqa/Recall@3": 0.57394,
  "msmarco/precision@3": 0.15721,
  "scifact/precision@3": 0.25111,
  "dbpedia-entity/MAP@3": 0.13973,
  "dbpedia-entity/NDCG@3": 0.4513,
  "nq/NDCG@3": 0.45341,
  "_timestamp": 1705542995.0302088,
  "fever/MAP@10": 0.73783,
  "scidocs/NDCG@3": 0.14714,
  "fever/MAP@3": 0.71937,
  "hotpotqa/MAP@10": 0.56234,
  "trec-covid/precision@10": 0.798,
  "nfcorpus/MAP@10": 0.13008,
  "nq/precision@10": 0.08731,
  "quora/Recall@10": 0.94352,
  "quora/precision@10": 0.13098,
  "fiqa/MAP@10": 0.27905,
  "fever/precision@3": 0.29478,
  "nfcorpus/Recall@3": 0.10938,
  "trec-covid/MAP@10": 0.01892,
  "nfcorpus/NDCG@10": 0.34235,
  "trec-covid/Recall@10": 0.02052,
  "dbpedia-entity/precision@3": 0.48583,
  "webis-touche2020/Recall@10": 0.18461,
  "scidocs/Recall@3": 0.08273,
  "nfcorpus/precision@3": 0.37874,
  "webis-touche2020/Recall@3": 0.07027,
  "msmarco/Recall@3": 0.45481,
  "dbpedia-entity/Recall@10": 0.25693,
  "climate-fever/precision@3": 0.12964,
  "arguana/MAP@3": 0.3248,
  "hotpotqa/NDCG@3": 0.61319,
  "germanquad/Recall@3": 0.25734,
  "dbpedia-entity/MAP@10": 0.19978,
  "webis-touche2020/precision@10": 0.26327,
  "arguana/precision@3": 0.15055,
  "webis-touche2020/MAP@10": 0.11726,
  "quora/NDCG@3": 0.82726,
  "msmarco/MAP@3": 0.33468,
  "scifact/MAP@3": 0.61394,
  "quora/precision@3": 0.36027,
  "scidocs/precision@3": 0.13567,
  "fever/NDCG@3": 0.75531,
  "cqadupstack/MAP@10": 0.30491333333333337,
  "cqadupstack/NDCG@3": 0.3105408333333333,
  "cqadupstack/Recall@3": 0.3382066666666667,
  "cqadupstack/Recall@10": 0.4511975000000001,
  "cqadupstack/MAP@3": 0.28147750000000005,
  "cqadupstack/NDCG@10": 0.35122666666666663,
  "cqadupstack/precision@10": 0.060739999999999995,
  "cqadupstack/precision@3": 0.14146250000000002
}