{
  "cqadupstack/MAP@10": 0.3077600000000001,
  "arguana/precision@10": 0.07539,
  "webis-touche2020/Recall@3": 0.09356,
  "_wandb.runtime": 9198,
  "arguana/MAP@3": 0.25984,
  "scifact/Recall@3": 0.73494,
  "cqadupstack/MAP@3": 0.292305,
  "climate-fever/Recall@3": 0.20861,
  "germanquad/NDCG@3": 0.50907,
  "msmarco/Recall@10": 0.38152,
  "fever/NDCG@10": 0.80625,
  "fiqa/precision@3": 0.19136,
  "trec-covid/NDCG@3": 0.87765,
  "trec-covid/NDCG@10": 0.72059,
  "dbpedia-entity/MAP@10": 0.17537,
  "webis-touche2020/NDCG@3": 0.45743,
  "_step": 15,
  "fever/MAP@3": 0.78878,
  "scidocs/NDCG@3": 0.16841,
  "hotpotqa/Recall@10": 0.62957,
  "scidocs/precision@3": 0.15867,
  "hotpotqa/NDCG@10": 0.68003,
  "germanquad/precision@3": 0.18461,
  "webis-touche2020/Recall@10": 0.2122,
  "dbpedia-entity/precision@10": 0.27475,
  "nfcorpus/precision@3": 0.39732,
  "trec-covid/precision@3": 0.92,
  "hotpotqa/NDCG@3": 0.67757,
  "scidocs/Recall@10": 0.17372,
  "scifact/Recall@10": 0.81978,
  "trec-covid/Recall@3": 0.00739,
  "climate-fever/NDCG@3": 0.24501,
  "nfcorpus/MAP@10": 0.13251,
  "nfcorpus/NDCG@10": 0.34314,
  "climate-fever/Recall@10": 0.23179,
  "climate-fever/precision@3": 0.16786,
  "germanquad/NDCG@10": 0.5211,
  "climate-fever/NDCG@10": 0.24607,
  "nfcorpus/Recall@3": 0.11464,
  "nq/NDCG@3": 0.43164,
  "scidocs/MAP@3": 0.07529,
  "scidocs/MAP@10": 0.10126,
  "arguana/NDCG@10": 0.42414,
  "fiqa/precision@10": 0.07022,
  "germanquad/precision@10": 0.05846,
  "arguana/precision@3": 0.12921,
  "cqadupstack/NDCG@10": 0.34412166666666666,
  "cqadupstack/Recall@3": 0.3441258333333333,
  "germanquad/Recall@10": 0.58464,
  "dbpedia-entity/NDCG@10": 0.35306,
  "msmarco/MAP@3": 0.25997,
  "quora/NDCG@10": 0.81268,
  "arguana/Recall@3": 0.38762,
  "quora/Recall@10": 0.90237,
  "quora/precision@10": 0.12198,
  "cqadupstack/precision@3": 0.1440225,
  "dbpedia-entity/precision@3": 0.48,
  "quora/MAP@10": 0.76636,
  "trec-covid/MAP@3": 0.00724,
  "msmarco/precision@10": 0.03973,
  "webis-touche2020/precision@3": 0.47619,
  "nq/MAP@3": 0.40809,
  "fiqa/MAP@10": 0.25617,
  "fever/NDCG@3": 0.80645,
  "fiqa/NDCG@3": 0.30513,
  "hotpotqa/MAP@10": 0.61617,
  "cqadupstack/NDCG@3": 0.32031499999999996,
  "nfcorpus/Recall@10": 0.15832,
  "dbpedia-entity/Recall@10": 0.20894,
  "nq/NDCG@10": 0.44726,
  "nq/Recall@3": 0.46927,
  "quora/Recall@3": 0.81554,
  "scidocs/NDCG@10": 0.17012,
  "quora/precision@3": 0.3459,
  "scifact/MAP@3": 0.66862,
  "arguana/Recall@10": 0.75391,
  "scifact/precision@3": 0.26333,
  "climate-fever/MAP@10": 0.19314,
  "germanquad/MAP@10": 0.49981,
  "hotpotqa/Recall@3": 0.62451,
  "climate-fever/precision@10": 0.05752,
  "dbpedia-entity/MAP@3": 0.13329,
  "dbpedia-entity/Recall@3": 0.14421,
  "webis-touche2020/precision@10": 0.33061,
  "nq/Recall@10": 0.50669,
  "quora/NDCG@3": 0.7832,
  "nfcorpus/NDCG@3": 0.42782,
  "_timestamp": 1715694352.5309825,
  "scifact/MAP@10": 0.68978,
  "scifact/NDCG@3": 0.69216,
  "scidocs/Recall@3": 0.09657,
  "hotpotqa/precision@3": 0.41634,
  "germanquad/Recall@3": 0.55382,
  "cqadupstack/precision@10": 0.05459833333333333,
  "fever/Recall@3": 0.8114,
  "nq/precision@3": 0.18096,
  "msmarco/NDCG@10": 0.29942,
  "msmarco/Recall@3": 0.3312,
  "fever/precision@3": 0.29433,
  "nfcorpus/precision@10": 0.2356,
  "_runtime": 9197.375251293182,
  "fever/MAP@10": 0.78967,
  "fiqa/NDCG@10": 0.30802,
  "fiqa/Recall@10": 0.3244,
  "nfcorpus/MAP@3": 0.10585,
  "nq/precision@10": 0.05941,
  "fever/precision@10": 0.08884,
  "dbpedia-entity/NDCG@3": 0.4322,
  "webis-touche2020/NDCG@10": 0.37295,
  "fiqa/MAP@3": 0.24078,
  "fever/Recall@10": 0.81398,
  "germanquad/MAP@3": 0.49348,
  "trec-covid/MAP@10": 0.01798,
  "scifact/precision@10": 0.09067,
  "cqadupstack/Recall@10": 0.4130908333333334,
  "scidocs/precision@10": 0.0857,
  "webis-touche2020/MAP@10": 0.14827,
  "fiqa/Recall@3": 0.27447,
  "arguana/MAP@10": 0.32284,
  "msmarco/MAP@10": 0.27047,
  "climate-fever/MAP@3": 0.18517,
  "msmarco/precision@3": 0.11461,
  "webis-touche2020/MAP@3": 0.07986,
  "nq/MAP@10": 0.41758,
  "arguana/NDCG@3": 0.29249,
  "hotpotqa/MAP@3": 0.61427,
  "scifact/NDCG@10": 0.72596,
  "trec-covid/Recall@10": 0.01907,
  "quora/MAP@3": 0.73911,
  "msmarco/NDCG@3": 0.27967,
  "hotpotqa/precision@10": 0.12591,
  "trec-covid/precision@10": 0.734
}