{
  "scifact/Recall@10": 0.84411,
  "hotpotqa/precision@10": 0.14274,
  "nfcorpus/precision@10": 0.24365,
  "webis-touche2020/NDCG@3": 0.41787,
  "arguana/MAP@10": 0.25819,
  "germanquad/NDCG@3": 0.571,
  "nfcorpus/Recall@3": 0.11003,
  "quora/MAP@3": 0.70747,
  "quora/Recall@3": 0.78633,
  "climate-fever/precision@10": 0.0843,
  "climate-fever/Recall@3": 0.25215,
  "webis-touche2020/MAP@10": 0.14085,
  "nq/precision@3": 0.2218,
  "fever/precision@3": 0.32163,
  "arguana/precision@10": 0.06166,
  "climate-fever/Recall@10": 0.32283,
  "dbpedia-entity/precision@3": 0.5125,
  "dbpedia-entity/NDCG@10": 0.41486,
  "nq/NDCG@3": 0.51452,
  "msmarco/NDCG@10": 0.38193,
  "trec-covid/MAP@10": 0.0186,
  "fiqa/NDCG@10": 0.35441,
  "fiqa/precision@10": 0.08935,
  "trec-covid/precision@10": 0.818,
  "scifact/NDCG@10": 0.73865,
  "climate-fever/NDCG@3": 0.29127,
  "germanquad/MAP@10": 0.55845,
  "germanquad/Recall@3": 0.63992,
  "scifact/precision@10": 0.09467,
  "fiqa/MAP@10": 0.28836,
  "scidocs/MAP@10": 0.10033,
  "germanquad/MAP@3": 0.54713,
  "fever/NDCG@3": 0.87042,
  "msmarco/precision@10": 0.0551,
  "dbpedia-entity/MAP@3": 0.14109,
  "nq/Recall@10": 0.67449,
  "fiqa/Recall@3": 0.30547,
  "scifact/precision@3": 0.26889,
  "cqadupstack/MAP@10": 0.31861749999999994,
  "cqadupstack/NDCG@10": 0.36309583333333334,
  "climate-fever/NDCG@10": 0.31295,
  "arguana/NDCG@3": 0.23163,
  "nfcorpus/MAP@10": 0.1283,
  "nfcorpus/NDCG@3": 0.40938,
  "climate-fever/precision@3": 0.20999,
  "webis-touche2020/Recall@3": 0.08905,
  "fiqa/NDCG@3": 0.33767,
  "msmarco/MAP@10": 0.33292,
  "trec-covid/Recall@10": 0.02044,
  "scidocs/NDCG@10": 0.17127,
  "dbpedia-entity/NDCG@3": 0.46882,
  "fiqa/MAP@3": 0.26222,
  "msmarco/NDCG@3": 0.33648,
  "nfcorpus/MAP@3": 0.09938,
  "dbpedia-entity/Recall@3": 0.1537,
  "nq/MAP@3": 0.48288,
  "hotpotqa/NDCG@10": 0.74877,
  "msmarco/Recall@10": 0.52763,
  "dbpedia-entity/precision@10": 0.33575,
  "scidocs/Recall@10": 0.17735,
  "trec-covid/NDCG@10": 0.77635,
  "trec-covid/Recall@3": 0.00692,
  "webis-touche2020/Recall@10": 0.21473,
  "fever/MAP@3": 0.85005,
  "arguana/Recall@10": 0.61664,
  "fever/precision@10": 0.0982,
  "climate-fever/MAP@10": 0.23899,
  "hotpotqa/precision@3": 0.46545,
  "nfcorpus/precision@3": 0.38184,
  "germanquad/precision@3": 0.21331,
  "_step": 15,
  "arguana/MAP@3": 0.20661,
  "trec-covid/MAP@3": 0.00659,
  "cqadupstack/Recall@3": 0.35175,
  "germanquad/Recall@10": 0.70059,
  "scidocs/precision@10": 0.0874,
  "cqadupstack/precision@10": 0.061085,
  "quora/NDCG@10": 0.79776,
  "scidocs/MAP@3": 0.07421,
  "trec-covid/NDCG@3": 0.84408,
  "nq/MAP@10": 0.50566,
  "msmarco/Recall@3": 0.40648,
  "webis-touche2020/precision@10": 0.32449,
  "scifact/MAP@3": 0.67693,
  "arguana/precision@3": 0.10147,
  "dbpedia-entity/MAP@10": 0.20163,
  "webis-touche2020/NDCG@10": 0.36292,
  "climate-fever/MAP@3": 0.21665,
  "cqadupstack/Recall@10": 0.4571983333333334,
  "webis-touche2020/MAP@3": 0.07348,
  "cqadupstack/precision@3": 0.1475216666666667,
  "fever/NDCG@10": 0.87256,
  "quora/Recall@10": 0.91436,
  "hotpotqa/Recall@10": 0.71371,
  "fever/Recall@3": 0.8801,
  "quora/precision@3": 0.33267,
  "trec-covid/precision@3": 0.9,
  "_runtime": 34830.066034555435,
  "nq/Recall@3": 0.5745,
  "quora/MAP@10": 0.74314,
  "nfcorpus/Recall@10": 0.1586,
  "scidocs/precision@3": 0.15767,
  "msmarco/MAP@3": 0.30996,
  "scidocs/NDCG@3": 0.16744,
  "scifact/MAP@10": 0.70036,
  "cqadupstack/MAP@3": 0.2965316666666667,
  "cqadupstack/NDCG@3": 0.3256966666666667,
  "arguana/NDCG@10": 0.3418,
  "fiqa/precision@3": 0.21759,
  "nfcorpus/NDCG@10": 0.34167,
  "msmarco/precision@3": 0.14054,
  "_wandb.runtime": 34830,
  "fever/MAP@10": 0.85272,
  "arguana/Recall@3": 0.30441,
  "fiqa/Recall@10": 0.39357,
  "hotpotqa/Recall@3": 0.69818,
  "_timestamp": 1715746953.5008075,
  "germanquad/NDCG@10": 0.59361,
  "quora/precision@10": 0.12583,
  "fever/Recall@10": 0.88887,
  "nq/precision@10": 0.07995,
  "scifact/Recall@3": 0.74644,
  "nq/NDCG@10": 0.55455,
  "scifact/NDCG@3": 0.70126,
  "hotpotqa/MAP@10": 0.68902,
  "germanquad/precision@10": 0.07006,
  "webis-touche2020/precision@3": 0.42857,
  "scidocs/Recall@3": 0.09583,
  "dbpedia-entity/Recall@10": 0.24968,
  "quora/NDCG@3": 0.7515,
  "hotpotqa/MAP@3": 0.68334,
  "hotpotqa/NDCG@3": 0.74141
}