{
  "climate-fever/MAP@3": 0.15073,
  "cqadupstack/NDCG@10": 0.3979083333333333,
  "climate-fever/precision@3": 0.15309,
  "nq/NDCG@10": 0.62055,
  "scidocs/MAP@3": 0.08381,
  "fever/Recall@10": 0.8944,
  "msmarco/Recall@3": 0.45959,
  "scifact/Recall@10": 0.82133,
  "nfcorpus/Recall@10": 0.17927,
  "dbpedia-entity/precision@10": 0.375,
  "quora/MAP@10": 0.7733,
  "quora/NDCG@3": 0.77826,
  "msmarco/Recall@10": 0.66775,
  "climate-fever/precision@10": 0.07707,
  "fiqa/MAP@10": 0.34203,
  "trec-covid/NDCG@3": 0.90296,
  "arguana/precision@10": 0.06984,
  "webis-touche2020/NDCG@10": 0.34189,
  "msmarco/MAP@3": 0.34359,
  "scidocs/NDCG@3": 0.18416,
  "cqadupstack/NDCG@3": 0.3663675,
  "climate-fever/NDCG@3": 0.20835,
  "dbpedia-entity/NDCG@10": 0.46877,
  "scifact/NDCG@3": 0.71227,
  "msmarco/NDCG@10": 0.45197,
  "fiqa/Recall@10": 0.4398,
  "nq/precision@3": 0.2471,
  "quora/Recall@3": 0.80693,
  "germanquad/MAP@3": 0.42621,
  "webis-touche2020/MAP@10": 0.13841,
  "fiqa/NDCG@3": 0.39503,
  "fiqa/Recall@3": 0.35474,
  "nfcorpus/MAP@10": 0.14807,
  "arguana/Recall@3": 0.43883,
  "cqadupstack/Recall@10": 0.4853375,
  "webis-touche2020/precision@3": 0.38095,
  "scifact/MAP@3": 0.6917,
  "scifact/MAP@10": 0.71215,
  "scifact/NDCG@10": 0.74194,
  "trec-covid/NDCG@10": 0.8273,
  "_runtime": 190010.50379300115,
  "hotpotqa/Recall@3": 0.63579,
  "nfcorpus/precision@3": 0.42208,
  "nfcorpus/precision@10": 0.26563,
  "cqadupstack/precision@3": 0.16753833333333334,
  "_timestamp": 1716148422.293489,
  "arguana/MAP@10": 0.35297,
  "scidocs/MAP@10": 0.1125,
  "nfcorpus/NDCG@3": 0.4503,
  "fever/precision@3": 0.30253,
  "scifact/precision@3": 0.27111,
  "hotpotqa/precision@10": 0.14139,
  "quora/NDCG@10": 0.82004,
  "trec-covid/MAP@3": 0.0073,
  "fever/precision@10": 0.0985,
  "cqadupstack/precision@10": 0.06594666666666667,
  "germanquad/NDCG@10": 0.48287,
  "scidocs/precision@3": 0.17033,
  "germanquad/Recall@10": 0.60225,
  "germanquad/precision@3": 0.16879,
  "nq/MAP@10": 0.55928,
  "nfcorpus/MAP@3": 0.11306,
  "scidocs/Recall@3": 0.10353,
  "webis-touche2020/NDCG@3": 0.37785,
  "_wandb.runtime": 190011,
  "arguana/Recall@10": 0.69844,
  "hotpotqa/precision@3": 0.42386,
  "climate-fever/Recall@3": 0.18913,
  "webis-touche2020/MAP@3": 0.0705,
  "dbpedia-entity/Recall@3": 0.17668,
  "fever/NDCG@10": 0.81578,
  "hotpotqa/MAP@10": 0.63117,
  "dbpedia-entity/MAP@10": 0.23243,
  "trec-covid/MAP@10": 0.02076,
  "quora/precision@10": 0.12932,
  "trec-covid/precision@3": 0.93333,
  "climate-fever/Recall@10": 0.29985,
  "webis-touche2020/precision@10": 0.30612,
  "webis-touche2020/Recall@3": 0.08393,
  "fever/MAP@3": 0.76367,
  "fever/Recall@3": 0.8309,
  "hotpotqa/NDCG@3": 0.68151,
  "germanquad/NDCG@3": 0.44682,
  "climate-fever/NDCG@10": 0.25284,
  "germanquad/precision@10": 0.06023,
  "dbpedia-entity/Recall@10": 0.27966,
  "nq/MAP@3": 0.5283,
  "nq/NDCG@3": 0.56574,
  "arguana/NDCG@10": 0.43535,
  "hotpotqa/NDCG@10": 0.71403,
  "nfcorpus/Recall@3": 0.12262,
  "arguana/precision@3": 0.14628,
  "quora/MAP@3": 0.73899,
  "fiqa/NDCG@10": 0.40736,
  "nq/Recall@10": 0.77711,
  "quora/Recall@10": 0.92431,
  "scifact/precision@10": 0.093,
  "nq/precision@10": 0.09241,
  "hotpotqa/Recall@10": 0.70695,
  "climate-fever/MAP@10": 0.17881,
  "_step": 15,
  "fiqa/MAP@3": 0.31111,
  "hotpotqa/MAP@3": 0.60685,
  "scifact/Recall@3": 0.74772,
  "msmarco/precision@3": 0.15864,
  "dbpedia-entity/NDCG@3": 0.5293,
  "webis-touche2020/Recall@10": 0.20979,
  "fever/NDCG@3": 0.79298,
  "fiqa/precision@3": 0.26183,
  "nfcorpus/NDCG@10": 0.37323,
  "cqadupstack/MAP@10": 0.3541733333333334,
  "trec-covid/Recall@3": 0.00731,
  "trec-covid/Recall@10": 0.02169,
  "arguana/MAP@3": 0.30714,
  "scidocs/Recall@10": 0.18727,
  "cqadupstack/Recall@3": 0.3937316666666667,
  "fever/MAP@10": 0.77642,
  "cqadupstack/MAP@3": 0.3339383333333333,
  "fiqa/precision@10": 0.10432,
  "germanquad/Recall@3": 0.50636,
  "msmarco/precision@10": 0.06994,
  "msmarco/MAP@10": 0.38152,
  "scidocs/precision@10": 0.0924,
  "dbpedia-entity/precision@3": 0.57333,
  "nq/Recall@3": 0.64086,
  "arguana/NDCG@3": 0.34087,
  "scidocs/NDCG@10": 0.18559,
  "germanquad/MAP@10": 0.4444,
  "dbpedia-entity/MAP@3": 0.16471,
  "trec-covid/precision@10": 0.856,
  "msmarco/NDCG@3": 0.37503,
  "quora/precision@3": 0.34707
}