{
  "quora/MAP@3": 0.74286,
  "nfcorpus/MAP@10": 0.1445,
  "cqadupstack/MAP@3": 0.33377750000000006,
  "msmarco/Recall@10": 0.67001,
  "trec-covid/Recall@10": 0.02179,
  "webis-touche2020/NDCG@3": 0.35469,
  "fever/MAP@3": 0.75469,
  "germanquad/NDCG@3": 0.37663,
  "quora/Recall@3": 0.81148,
  "scifact/NDCG@3": 0.68787,
  "fever/precision@10": 0.09802,
  "germanquad/Recall@3": 0.41928,
  "climate-fever/NDCG@3": 0.20695,
  "trec-covid/precision@10": 0.846,
  "fiqa/NDCG@3": 0.39418,
  "cqadupstack/precision@10": 0.06505833333333333,
  "hotpotqa/NDCG@3": 0.67972,
  "scifact/precision@10": 0.09067,
  "fiqa/MAP@10": 0.34016,
  "cqadupstack/precision@3": 0.16677166666666668,
  "dbpedia-entity/Recall@10": 0.27613,
  "trec-covid/MAP@3": 0.0072,
  "msmarco/MAP@10": 0.38206,
  "scifact/Recall@3": 0.7255,
  "arguana/NDCG@3": 0.34395,
  "hotpotqa/Recall@3": 0.63336,
  "germanquad/NDCG@10": 0.40214,
  "quora/precision@10": 0.12988,
  "scidocs/precision@3": 0.16667,
  "msmarco/precision@10": 0.07017,
  "scidocs/precision@10": 0.0894,
  "nq/precision@10": 0.09087,
  "quora/NDCG@10": 0.82407,
  "hotpotqa/MAP@10": 0.62804,
  "trec-covid/MAP@10": 0.0208,
  "dbpedia-entity/precision@3": 0.56417,
  "fever/NDCG@3": 0.78385,
  "arguana/precision@3": 0.14675,
  "climate-fever/MAP@3": 0.14895,
  "trec-covid/NDCG@10": 0.81138,
  "fiqa/MAP@3": 0.30947,
  "msmarco/MAP@3": 0.34382,
  "nfcorpus/NDCG@3": 0.44738,
  "climate-fever/precision@3": 0.15136,
  "nq/NDCG@3": 0.56078,
  "nfcorpus/Recall@3": 0.12325,
  "nfcorpus/Recall@10": 0.17227,
  "arguana/precision@10": 0.06977,
  "webis-touche2020/MAP@10": 0.13511,
  "fiqa/precision@10": 0.10494,
  "scidocs/MAP@10": 0.10876,
  "germanquad/MAP@3": 0.36187,
  "germanquad/precision@3": 0.13976,
  "_timestamp": 1715661333.446791,
  "nq/precision@3": 0.24556,
  "scidocs/Recall@3": 0.10128,
  "dbpedia-entity/NDCG@10": 0.46431,
  "trec-covid/precision@3": 0.92,
  "hotpotqa/MAP@3": 0.60474,
  "fiqa/Recall@10": 0.44435,
  "nfcorpus/precision@10": 0.25604,
  "webis-touche2020/Recall@10": 0.20097,
  "scidocs/MAP@3": 0.08185,
  "cqadupstack/Recall@3": 0.3922508333333334,
  "fever/NDCG@10": 0.80859,
  "nq/Recall@3": 0.63627,
  "nfcorpus/MAP@3": 0.11373,
  "fever/precision@3": 0.29903,
  "trec-covid/NDCG@3": 0.89,
  "hotpotqa/precision@3": 0.42224,
  "webis-touche2020/NDCG@10": 0.32988,
  "_runtime": 202906.3679189682,
  "nfcorpus/NDCG@10": 0.36374,
  "msmarco/Recall@3": 0.46264,
  "scifact/Recall@10": 0.79967,
  "dbpedia-entity/NDCG@3": 0.52815,
  "nq/Recall@10": 0.76593,
  "scifact/NDCG@10": 0.71709,
  "scidocs/Recall@10": 0.1815,
  "hotpotqa/Recall@10": 0.70196,
  "germanquad/Recall@10": 0.48826,
  "quora/MAP@10": 0.77721,
  "msmarco/NDCG@3": 0.37611,
  "arguana/NDCG@10": 0.43772,
  "quora/Recall@10": 0.92845,
  "dbpedia-entity/MAP@3": 0.1626,
  "webis-touche2020/MAP@3": 0.06681,
  "fever/Recall@3": 0.82197,
  "msmarco/NDCG@10": 0.45308,
  "arguana/Recall@3": 0.44026,
  "hotpotqa/NDCG@10": 0.71101,
  "quora/precision@3": 0.34923,
  "cqadupstack/Recall@10": 0.47858333333333336,
  "climate-fever/Recall@10": 0.29406,
  "webis-touche2020/Recall@3": 0.07907,
  "fiqa/NDCG@10": 0.40727,
  "cqadupstack/NDCG@3": 0.3660141666666667,
  "trec-covid/Recall@3": 0.00722,
  "scifact/MAP@3": 0.66652,
  "arguana/MAP@3": 0.31081,
  "_step": 15,
  "nfcorpus/precision@3": 0.42105,
  "quora/NDCG@3": 0.78254,
  "climate-fever/NDCG@10": 0.24887,
  "dbpedia-entity/MAP@10": 0.2294,
  "cqadupstack/NDCG@10": 0.39566,
  "arguana/MAP@10": 0.35634,
  "germanquad/MAP@10": 0.37449,
  "cqadupstack/MAP@10": 0.3531733333333333,
  "nq/NDCG@10": 0.61274,
  "nq/MAP@3": 0.52331,
  "scifact/MAP@10": 0.68619,
  "fiqa/precision@3": 0.26029,
  "dbpedia-entity/Recall@3": 0.17406,
  "webis-touche2020/precision@10": 0.29388,
  "_wandb.runtime": 202907,
  "arguana/Recall@10": 0.69772,
  "germanquad/precision@10": 0.04883,
  "fever/Recall@10": 0.88966,
  "climate-fever/MAP@10": 0.17618,
  "scidocs/NDCG@10": 0.17896,
  "fever/MAP@10": 0.7685,
  "msmarco/precision@3": 0.15993,
  "scifact/precision@3": 0.26444,
  "dbpedia-entity/precision@10": 0.36625,
  "webis-touche2020/precision@3": 0.34694,
  "nq/MAP@10": 0.55253,
  "scidocs/NDCG@3": 0.17886,
  "hotpotqa/precision@10": 0.14039,
  "climate-fever/Recall@3": 0.18646,
  "climate-fever/precision@10": 0.07505,
  "fiqa/Recall@3": 0.35671
}