{
  "hotpotqa/MAP@3": 0.73171,
  "nq/precision@10": 0.09789,
  "germanquad/MAP@10": 0.18801,
  "germanquad/Recall@3": 0.21037,
  "scidocs/precision@3": 0.176,
  "scifact/precision@3": 0.27667,
  "webis-touche2020/Recall@10": 0.19185,
  "quora/NDCG@3": 0.7415,
  "scifact/MAP@3": 0.68396,
  "nq/precision@3": 0.26091,
  "webis-touche2020/Recall@3": 0.07868,
  "climate-fever/precision@10": 0.12111,
  "_runtime": 9383.383471012115,
  "fiqa/MAP@3": 0.31114,
  "scifact/NDCG@10": 0.75151,
  "cqadupstack/MAP@10": 0.36700416666666663,
  "scidocs/precision@10": 0.109,
  "webis-touche2020/MAP@3": 0.06823,
  "cqadupstack/MAP@3": 0.33349416666666665,
  "nfcorpus/Recall@3": 0.11224,
  "climate-fever/Recall@3": 0.33545,
  "fever/MAP@3": 0.90025,
  "scidocs/Recall@10": 0.22092,
  "dbpedia-entity/MAP@3": 0.15633,
  "nq/NDCG@3": 0.59013,
  "arguana/NDCG@3": 0.30579,
  "hotpotqa/MAP@10": 0.73964,
  "fiqa/precision@3": 0.268,
  "hotpotqa/NDCG@10": 0.79371,
  "msmarco/Recall@10": 0.63801,
  "germanquad/Recall@10": 0.21722,
  "scifact/precision@10": 0.098,
  "fiqa/NDCG@10": 0.43158,
  "fiqa/Recall@3": 0.37195,
  "scifact/NDCG@3": 0.70995,
  "nfcorpus/MAP@10": 0.13793,
  "germanquad/MAP@3": 0.18656,
  "arguana/Recall@10": 0.83144,
  "hotpotqa/precision@10": 0.1541,
  "dbpedia-entity/Recall@3": 0.16855,
  "cqadupstack/precision@10": 0.07651999999999999,
  "germanquad/NDCG@3": 0.1927,
  "webis-touche2020/MAP@10": 0.13062,
  "webis-touche2020/NDCG@10": 0.31757,
  "nq/MAP@10": 0.58373,
  "nq/NDCG@10": 0.65034,
  "nfcorpus/NDCG@3": 0.42708,
  "quora/precision@3": 0.3315,
  "msmarco/precision@3": 0.1659,
  "nfcorpus/precision@3": 0.40248,
  "fever/MAP@10": 0.90535,
  "trec-covid/precision@10": 0.846,
  "fever/NDCG@3": 0.92303,
  "scidocs/MAP@3": 0.08268,
  "germanquad/NDCG@10": 0.19542,
  "nfcorpus/Recall@10": 0.17919,
  "trec-covid/Recall@10": 0.02253,
  "nq/MAP@3": 0.54842,
  "germanquad/precision@10": 0.02172,
  "fiqa/NDCG@3": 0.40283,
  "msmarco/NDCG@3": 0.39159,
  "scidocs/MAP@10": 0.12017,
  "climate-fever/MAP@10": 0.32246,
  "quora/MAP@10": 0.7411,
  "fever/Recall@10": 0.95389,
  "quora/Recall@10": 0.94553,
  "fever/precision@10": 0.10659,
  "dbpedia-entity/Recall@10": 0.26597,
  "fever/precision@3": 0.34528,
  "climate-fever/NDCG@3": 0.37535,
  "germanquad/precision@3": 0.07012,
  "_timestamp": 1714659913.7623851,
  "arguana/MAP@3": 0.2711,
  "scidocs/Recall@3": 0.10717,
  "nfcorpus/precision@10": 0.2709,
  "climate-fever/Recall@10": 0.45198,
  "nq/Recall@10": 0.82317,
  "scidocs/NDCG@10": 0.20408,
  "nfcorpus/MAP@3": 0.10139,
  "webis-touche2020/NDCG@3": 0.37617,
  "arguana/MAP@10": 0.34425,
  "msmarco/NDCG@10": 0.45176,
  "quora/NDCG@10": 0.80296,
  "nfcorpus/NDCG@10": 0.36588,
  "quora/precision@10": 0.13239,
  "climate-fever/MAP@3": 0.28332,
  "cqadupstack/Recall@3": 0.40498666666666666,
  "_step": 15,
  "quora/MAP@3": 0.69538,
  "msmarco/MAP@3": 0.35874,
  "scidocs/NDCG@3": 0.18634,
  "hotpotqa/Recall@3": 0.7501,
  "nq/Recall@3": 0.6764,
  "quora/Recall@3": 0.78025,
  "arguana/Recall@3": 0.40683,
  "cqadupstack/NDCG@10": 0.42632666666666674,
  "trec-covid/Recall@3": 0.00751,
  "webis-touche2020/precision@3": 0.38095,
  "climate-fever/NDCG@10": 0.41703,
  "dbpedia-entity/NDCG@10": 0.45748,
  "fiqa/MAP@10": 0.35117,
  "fever/NDCG@10": 0.92788,
  "hotpotqa/precision@3": 0.50007,
  "hotpotqa/Recall@10": 0.77049,
  "trec-covid/NDCG@10": 0.81233,
  "_wandb.runtime": 9383,
  "fiqa/Recall@10": 0.49535,
  "scifact/MAP@10": 0.7097,
  "scifact/Recall@3": 0.75822,
  "trec-covid/NDCG@3": 0.89581,
  "cqadupstack/NDCG@3": 0.3691175,
  "arguana/precision@10": 0.08314,
  "dbpedia-entity/NDCG@3": 0.52246,
  "climate-fever/precision@3": 0.28295,
  "hotpotqa/NDCG@3": 0.78387,
  "msmarco/precision@10": 0.0666,
  "cqadupstack/precision@3": 0.17071583333333332,
  "fever/Recall@3": 0.93882,
  "arguana/NDCG@10": 0.45863,
  "msmarco/Recall@3": 0.4795,
  "trec-covid/MAP@3": 0.00738,
  "trec-covid/MAP@10": 0.02135,
  "dbpedia-entity/precision@3": 0.55917,
  "msmarco/MAP@10": 0.3894,
  "fiqa/precision@10": 0.11466,
  "scifact/Recall@10": 0.868,
  "dbpedia-entity/MAP@10": 0.22016,
  "dbpedia-entity/precision@10": 0.3625,
  "arguana/precision@3": 0.13561,
  "cqadupstack/Recall@10": 0.5619200000000001,
  "trec-covid/precision@3": 0.94667,
  "webis-touche2020/precision@10": 0.27347
}