{
  "arguana/NDCG@3": 0.3984,
  "hotpotqa/NDCG@3": 0.72671,
  "cqadupstack/NDCG@10": 0.44449333333333335,
  "msmarco/precision@10": 0.06675,
  "nfcorpus/precision@10": 0.28452,
  "msmarco/NDCG@3": 0.35925,
  "trec-covid/MAP@3": 0.00732,
  "scifact/Recall@10": 0.89144,
  "climate-fever/NDCG@3": 0.24994,
  "nfcorpus/Recall@10": 0.18333,
  "arguana/precision@3": 0.16453,
  "trec-covid/precision@3": 0.94667,
  "scidocs/Recall@3": 0.11888,
  "fiqa/precision@10": 0.11636,
  "dbpedia-entity/precision@3": 0.575,
  "quora/MAP@3": 0.74327,
  "fever/MAP@10": 0.77566,
  "climate-fever/MAP@3": 0.17824,
  "hotpotqa/precision@3": 0.46068,
  "hotpotqa/precision@10": 0.15514,
  "nfcorpus/MAP@10": 0.15229,
  "msmarco/Recall@3": 0.43963,
  "scifact/MAP@10": 0.73618,
  "germanquad/NDCG@10": 0.2238,
  "trec-covid/NDCG@10": 0.85918,
  "arguana/MAP@3": 0.36569,
  "fiqa/Recall@10": 0.49177,
  "hotpotqa/NDCG@10": 0.7652,
  "dbpedia-entity/Recall@10": 0.28977,
  "nq/NDCG@3": 0.60191,
  "msmarco/MAP@3": 0.32941,
  "scifact/Recall@3": 0.80533,
  "msmarco/Recall@10": 0.63961,
  "dbpedia-entity/NDCG@3": 0.54286,
  "cqadupstack/precision@3": 0.1852325,
  "hotpotqa/MAP@3": 0.66087,
  "nq/precision@10": 0.10078,
  "arguana/Recall@10": 0.74609,
  "nfcorpus/Recall@3": 0.12686,
  "quora/precision@10": 0.12868,
  "_wandb.runtime": 210790,
  "scidocs/MAP@3": 0.09398,
  "nfcorpus/MAP@3": 0.11545,
  "scifact/NDCG@10": 0.77733,
  "webis-touche2020/Recall@10": 0.19729,
  "quora/NDCG@10": 0.82003,
  "trec-covid/NDCG@3": 0.90346,
  "scidocs/precision@3": 0.19533,
  "climate-fever/NDCG@10": 0.32036,
  "dbpedia-entity/NDCG@10": 0.4916,
  "msmarco/MAP@10": 0.36595,
  "dbpedia-entity/MAP@3": 0.16643,
  "msmarco/NDCG@10": 0.43332,
  "scifact/precision@3": 0.29222,
  "germanquad/NDCG@3": 0.21199,
  "cqadupstack/Recall@3": 0.43110833333333337,
  "trec-covid/Recall@10": 0.0236,
  "nq/MAP@3": 0.56111,
  "fever/MAP@3": 0.7572,
  "fever/NDCG@3": 0.78731,
  "fiqa/NDCG@10": 0.44338,
  "scifact/NDCG@3": 0.74386,
  "cqadupstack/Recall@10": 0.5603291666666667,
  "germanquad/precision@10": 0.02696,
  "trec-covid/MAP@10": 0.02235,
  "cqadupstack/NDCG@3": 0.39887333333333336,
  "germanquad/Recall@3": 0.23777,
  "dbpedia-entity/Recall@3": 0.17938,
  "hotpotqa/Recall@3": 0.69102,
  "scidocs/Recall@10": 0.22323,
  "scifact/precision@10": 0.10067,
  "trec-covid/precision@10": 0.9,
  "fiqa/NDCG@3": 0.41739,
  "scifact/MAP@3": 0.71346,
  "climate-fever/MAP@10": 0.22301,
  "webis-touche2020/Recall@3": 0.09378,
  "dbpedia-entity/precision@10": 0.39475,
  "climate-fever/Recall@10": 0.40141,
  "webis-touche2020/NDCG@3": 0.43765,
  "fever/Recall@3": 0.82808,
  "arguana/Recall@3": 0.4936,
  "fiqa/precision@3": 0.27469,
  "germanquad/MAP@3": 0.20303,
  "nfcorpus/NDCG@10": 0.39008,
  "nq/precision@3": 0.26613,
  "fever/Recall@10": 0.91816,
  "webis-touche2020/MAP@10": 0.1371,
  "arguana/MAP@10": 0.40984,
  "germanquad/MAP@10": 0.2089,
  "fiqa/MAP@3": 0.33137,
  "climate-fever/Recall@3": 0.23026,
  "climate-fever/precision@3": 0.19066,
  "fever/precision@10": 0.10258,
  "msmarco/precision@3": 0.15172,
  "nfcorpus/precision@3": 0.44272,
  "scidocs/precision@10": 0.1102,
  "quora/NDCG@3": 0.78233,
  "scidocs/MAP@10": 0.13173,
  "fever/precision@3": 0.30358,
  "trec-covid/Recall@3": 0.00753,
  "webis-touche2020/precision@10": 0.28367,
  "cqadupstack/MAP@3": 0.36238583333333335,
  "hotpotqa/Recall@10": 0.77569,
  "arguana/precision@10": 0.07461,
  "_timestamp": 1714870724.1851993,
  "nq/NDCG@10": 0.66422,
  "nq/Recall@10": 0.84309,
  "scidocs/NDCG@3": 0.20419,
  "arguana/NDCG@10": 0.48987,
  "germanquad/Recall@10": 0.26957,
  "quora/Recall@3": 0.81151,
  "nfcorpus/NDCG@3": 0.46642,
  "quora/Recall@10": 0.91724,
  "webis-touche2020/precision@3": 0.42857,
  "fiqa/MAP@10": 0.36972,
  "cqadupstack/MAP@10": 0.3909358333333333,
  "_step": 15,
  "_runtime": 210789.37222528455,
  "hotpotqa/MAP@10": 0.69014,
  "scidocs/NDCG@10": 0.21294,
  "webis-touche2020/NDCG@10": 0.34095,
  "nq/MAP@10": 0.59645,
  "nq/Recall@3": 0.68675,
  "quora/MAP@10": 0.77548,
  "quora/precision@3": 0.34833,
  "dbpedia-entity/MAP@10": 0.23781,
  "climate-fever/precision@10": 0.10697,
  "fever/NDCG@10": 0.82017,
  "fiqa/Recall@3": 0.3691,
  "germanquad/precision@3": 0.07926,
  "webis-touche2020/MAP@3": 0.08406,
  "cqadupstack/precision@10": 0.07733
}