{
  "_runtime": 190932.127723217,
  "fiqa/MAP@3": 0.33778,
  "fiqa/Recall@10": 0.50971,
  "climate-fever/NDCG@3": 0.25401,
  "webis-touche2020/MAP@10": 0.14788,
  "_wandb.runtime": 190933,
  "fever/MAP@10": 0.77627,
  "msmarco/Recall@3": 0.44522,
  "webis-touche2020/precision@10": 0.31224,
  "quora/MAP@3": 0.74549,
  "fever/Recall@10": 0.92728,
  "scidocs/NDCG@10": 0.21486,
  "fiqa/MAP@10": 0.37794,
  "scifact/NDCG@10": 0.77896,
  "scidocs/precision@10": 0.1109,
  "hotpotqa/precision@10": 0.15588,
  "hotpotqa/MAP@3": 0.65994,
  "scifact/Recall@3": 0.78367,
  "scidocs/Recall@10": 0.22472,
  "climate-fever/MAP@3": 0.18128,
  "msmarco/precision@10": 0.06725,
  "nq/MAP@10": 0.59803,
  "trec-covid/NDCG@3": 0.89927,
  "dbpedia-entity/precision@3": 0.5825,
  "quora/NDCG@3": 0.78502,
  "fever/Recall@3": 0.83171,
  "arguana/NDCG@10": 0.47869,
  "hotpotqa/NDCG@10": 0.76724,
  "msmarco/MAP@10": 0.36834,
  "scidocs/MAP@10": 0.13196,
  "cqadupstack/NDCG@10": 0.4463574999999999,
  "dbpedia-entity/MAP@10": 0.23736,
  "arguana/Recall@10": 0.74893,
  "scifact/precision@3": 0.28556,
  "arguana/MAP@3": 0.34649,
  "webis-touche2020/MAP@3": 0.0794,
  "webis-touche2020/Recall@10": 0.21732,
  "scidocs/NDCG@3": 0.20494,
  "fever/precision@10": 0.10344,
  "cqadupstack/NDCG@3": 0.39999083333333335,
  "scifact/precision@10": 0.10033,
  "trec-covid/precision@10": 0.896,
  "climate-fever/precision@10": 0.10951,
  "fiqa/NDCG@3": 0.42733,
  "msmarco/Recall@10": 0.64422,
  "germanquad/Recall@10": 0.55088,
  "climate-fever/precision@3": 0.19283,
  "_step": 14,
  "msmarco/MAP@3": 0.33203,
  "msmarco/NDCG@3": 0.3626,
  "cqadupstack/MAP@10": 0.3926083333333333,
  "arguana/precision@10": 0.07489,
  "climate-fever/Recall@10": 0.40998,
  "dbpedia-entity/Recall@10": 0.28861,
  "webis-touche2020/Recall@3": 0.09255,
  "quora/Recall@10": 0.92784,
  "climate-fever/MAP@10": 0.22753,
  "cqadupstack/precision@3": 0.18506083333333337,
  "scidocs/MAP@3": 0.09453,
  "trec-covid/MAP@3": 0.0074,
  "dbpedia-entity/Recall@3": 0.17648,
  "fever/MAP@3": 0.75696,
  "fever/NDCG@10": 0.82285,
  "germanquad/MAP@3": 0.38519,
  "trec-covid/MAP@10": 0.0227,
  "germanquad/NDCG@10": 0.43911,
  "germanquad/precision@10": 0.05509,
  "scifact/MAP@10": 0.73929,
  "scidocs/Recall@3": 0.11728,
  "dbpedia-entity/MAP@3": 0.16593,
  "climate-fever/Recall@3": 0.2346,
  "nq/NDCG@10": 0.66558,
  "scifact/MAP@3": 0.71152,
  "germanquad/NDCG@3": 0.40376,
  "hotpotqa/Recall@10": 0.77941,
  "germanquad/Recall@3": 0.45744,
  "climate-fever/NDCG@10": 0.32643,
  "webis-touche2020/NDCG@10": 0.36089,
  "scifact/Recall@10": 0.8895,
  "cqadupstack/Recall@3": 0.4321833333333333,
  "hotpotqa/precision@3": 0.45955,
  "trec-covid/Recall@10": 0.02385,
  "trec-covid/precision@3": 0.94667,
  "fever/precision@3": 0.30453,
  "arguana/precision@3": 0.15718,
  "nq/NDCG@3": 0.60317,
  "arguana/NDCG@3": 0.3785,
  "nq/precision@3": 0.26671,
  "fiqa/NDCG@10": 0.45379,
  "arguana/MAP@10": 0.39467,
  "quora/Recall@3": 0.81504,
  "quora/precision@3": 0.3498,
  "dbpedia-entity/NDCG@3": 0.54329,
  "webis-touche2020/precision@3": 0.41497,
  "nq/Recall@10": 0.84367,
  "quora/NDCG@10": 0.82549,
  "msmarco/NDCG@10": 0.43626,
  "arguana/Recall@3": 0.47155,
  "trec-covid/NDCG@10": 0.85843,
  "germanquad/precision@3": 0.15248,
  "_timestamp": 1715911171.3161712,
  "quora/MAP@10": 0.77921,
  "fever/NDCG@3": 0.78783,
  "cqadupstack/MAP@3": 0.3638783333333333,
  "fiqa/precision@10": 0.12052,
  "hotpotqa/Recall@3": 0.68933,
  "fiqa/Recall@3": 0.38716,
  "hotpotqa/MAP@10": 0.69048,
  "quora/precision@10": 0.13027,
  "webis-touche2020/NDCG@3": 0.41536,
  "dbpedia-entity/precision@10": 0.39525,
  "trec-covid/Recall@3": 0.00755,
  "dbpedia-entity/NDCG@10": 0.49033,
  "nq/Recall@3": 0.68716,
  "scifact/NDCG@3": 0.73717,
  "nq/precision@10": 0.10067,
  "msmarco/precision@3": 0.15353,
  "cqadupstack/precision@10": 0.07747333333333334,
  "nq/MAP@3": 0.56251,
  "hotpotqa/NDCG@3": 0.72664,
  "fiqa/precision@3": 0.28447,
  "scidocs/precision@3": 0.19267,
  "germanquad/MAP@10": 0.40315,
  "cqadupstack/Recall@10": 0.5634416666666667,
  "nfcorpus/MAP@3": 0.11553,
  "nfcorpus/MAP@10": 0.15406,
  "nfcorpus/Recall@3": 0.12695,
  "nfcorpus/Recall@10": 0.18549,
  "nfcorpus/precision@10": 0.28824,
  "nfcorpus/NDCG@3": 0.46609,
  "nfcorpus/NDCG@10": 0.39302,
  "nfcorpus/precision@3": 0.43963
}