{
  "arguana/precision@3": 0.15671,
  "climate-fever/MAP@3": 0.17908,
  "germanquad/Recall@3": 0.33219,
  "msmarco/Recall@10": 0.64099,
  "msmarco/MAP@10": 0.36633,
  "trec-covid/MAP@10": 0.0225,
  "fever/precision@10": 0.10332,
  "cqadupstack/Recall@3": 0.4362425,
  "trec-covid/Recall@10": 0.02374,
  "dbpedia-entity/MAP@10": 0.23568,
  "_runtime": 203985.9839744568,
  "arguana/MAP@10": 0.39431,
  "hotpotqa/NDCG@3": 0.72808,
  "scifact/Recall@3": 0.80033,
  "nfcorpus/Recall@10": 0.17927,
  "hotpotqa/precision@3": 0.46095,
  "nfcorpus/precision@3": 0.43034,
  "climate-fever/Recall@3": 0.22923,
  "fever/MAP@10": 0.7754,
  "quora/precision@10": 0.13047,
  "webis-touche2020/NDCG@3": 0.42796,
  "hotpotqa/NDCG@10": 0.76623,
  "scidocs/precision@10": 0.1118,
  "climate-fever/NDCG@10": 0.32429,
  "cqadupstack/MAP@10": 0.3953883333333333,
  "webis-touche2020/MAP@10": 0.14618,
  "fever/precision@3": 0.30333,
  "germanquad/precision@3": 0.11073,
  "trec-covid/precision@10": 0.888,
  "nq/precision@10": 0.10049,
  "scidocs/MAP@3": 0.09653,
  "germanquad/NDCG@10": 0.31596,
  "fever/MAP@3": 0.7556,
  "cqadupstack/NDCG@3": 0.4034275,
  "trec-covid/NDCG@10": 0.84692,
  "scidocs/Recall@3": 0.11948,
  "nfcorpus/MAP@3": 0.11415,
  "quora/Recall@3": 0.81945,
  "dbpedia-entity/NDCG@10": 0.4899,
  "cqadupstack/precision@10": 0.07765666666666667,
  "climate-fever/precision@10": 0.10834,
  "fever/NDCG@10": 0.82184,
  "fiqa/Recall@10": 0.50948,
  "hotpotqa/MAP@3": 0.66143,
  "nq/precision@3": 0.26767,
  "quora/NDCG@3": 0.79059,
  "climate-fever/NDCG@3": 0.25093,
  "trec-covid/precision@3": 0.94667,
  "webis-touche2020/NDCG@10": 0.34707,
  "climate-fever/MAP@10": 0.22616,
  "msmarco/MAP@3": 0.33002,
  "germanquad/MAP@10": 0.29385,
  "trec-covid/Recall@3": 0.00752,
  "cqadupstack/Recall@10": 0.5639250000000001,
  "webis-touche2020/precision@3": 0.43537,
  "nq/Recall@10": 0.84169,
  "fiqa/MAP@10": 0.37631,
  "fiqa/Recall@3": 0.37368,
  "msmarco/precision@3": 0.15282,
  "nq/NDCG@10": 0.66763,
  "quora/Recall@10": 0.92885,
  "trec-covid/MAP@3": 0.00736,
  "cqadupstack/MAP@3": 0.3667141666666667,
  "dbpedia-entity/Recall@3": 0.17975,
  "quora/MAP@10": 0.78432,
  "dbpedia-entity/NDCG@3": 0.54861,
  "germanquad/precision@10": 0.03845,
  "webis-touche2020/precision@10": 0.29388,
  "nq/NDCG@3": 0.60695,
  "scidocs/precision@3": 0.19633,
  "nfcorpus/precision@10": 0.27988,
  "arguana/NDCG@10": 0.47891,
  "fiqa/precision@10": 0.11975,
  "dbpedia-entity/MAP@3": 0.16752,
  "cqadupstack/precision@3": 0.18676166666666663,
  "arguana/MAP@3": 0.34519,
  "fever/Recall@3": 0.82825,
  "arguana/Recall@10": 0.75107,
  "scifact/precision@10": 0.098,
  "_step": 15,
  "scifact/precision@3": 0.29111,
  "climate-fever/Recall@10": 0.40635,
  "hotpotqa/Recall@10": 0.77569,
  "msmarco/NDCG@3": 0.36052,
  "scidocs/NDCG@3": 0.20808,
  "germanquad/MAP@3": 0.28433,
  "germanquad/Recall@10": 0.38454,
  "arguana/NDCG@3": 0.37714,
  "scidocs/Recall@10": 0.22673,
  "cqadupstack/NDCG@10": 0.44879666666666657,
  "webis-touche2020/Recall@3": 0.09196,
  "quora/MAP@3": 0.75111,
  "trec-covid/NDCG@3": 0.9005,
  "dbpedia-entity/precision@3": 0.5875,
  "scifact/NDCG@10": 0.76958,
  "nfcorpus/NDCG@3": 0.45755,
  "hotpotqa/precision@10": 0.15514,
  "fever/NDCG@3": 0.78598,
  "quora/precision@3": 0.352,
  "msmarco/precision@10": 0.06693,
  "fever/Recall@10": 0.92629,
  "nfcorpus/NDCG@10": 0.38488,
  "dbpedia-entity/precision@10": 0.392,
  "nq/MAP@10": 0.60113,
  "scifact/NDCG@3": 0.74182,
  "fiqa/NDCG@10": 0.45254,
  "msmarco/NDCG@10": 0.43402,
  "fiqa/precision@3": 0.27675,
  "hotpotqa/Recall@3": 0.69142,
  "dbpedia-entity/Recall@10": 0.2858,
  "webis-touche2020/Recall@10": 0.20664,
  "quora/NDCG@10": 0.82974,
  "hotpotqa/MAP@10": 0.6903,
  "scidocs/NDCG@10": 0.21738,
  "germanquad/NDCG@3": 0.29666,
  "arguana/precision@10": 0.07511,
  "fiqa/MAP@3": 0.33458,
  "fiqa/NDCG@3": 0.42021,
  "scifact/MAP@3": 0.71207,
  "scifact/MAP@10": 0.73187,
  "msmarco/Recall@3": 0.44317,
  "_timestamp": 1715668770.0173426,
  "scidocs/MAP@10": 0.13498,
  "webis-touche2020/MAP@3": 0.07971,
  "climate-fever/precision@3": 0.19066,
  "nq/Recall@3": 0.69028,
  "nq/MAP@3": 0.56648,
  "nfcorpus/MAP@10": 0.15039,
  "arguana/Recall@3": 0.47013,
  "nfcorpus/Recall@3": 0.12599,
  "scifact/Recall@10": 0.87006,
  "_wandb.runtime": 203988
}