{
  "Name": "chain_reranker_40_embedding_20_llm",
  "Runtime": 180664,
  "k_kept_retrieved_passages": 0,
  "num_retrieved_passages": 40,
  "arguana/MAP@10": 0.31627,
  "arguana/MAP@3": 0.27229,
  "arguana/NDCG@10": 0.39613,
  "arguana/NDCG@3": 0.30421,
  "arguana/Recall@10": 0.6522,
  "arguana/Recall@3": 0.39687,
  "arguana/precision@10": 0.06522,
  "arguana/precision@3": 0.13229,
  "climate-fever/MAP@10": 0.18585,
  "climate-fever/MAP@3": 0.15325,
  "climate-fever/NDCG@10": 0.26689,
  "climate-fever/NDCG@3": 0.21326,
  "climate-fever/Recall@10": 0.32647,
  "climate-fever/Recall@3": 0.1962,
  "climate-fever/precision@10": 0.08573,
  "climate-fever/precision@3": 0.16091,
  "dbpedia-entity/MAP@10": 0.23475,
  "dbpedia-entity/MAP@3": 0.1637,
  "dbpedia-entity/NDCG@10": 0.48406,
  "dbpedia-entity/NDCG@3": 0.54378,
  "dbpedia-entity/Recall@10": 0.27996,
  "dbpedia-entity/Recall@3": 0.1746,
  "dbpedia-entity/precision@10": 0.391,
  "dbpedia-entity/precision@3": 0.58167,
  "fever/MAP@10": 0.77299,
  "fever/MAP@3": 0.75718,
  "fever/NDCG@10": 0.81299,
  "fever/NDCG@3": 0.78417,
  "fever/Recall@10": 0.89558,
  "fever/Recall@3": 0.81521,
  "fever/precision@10": 0.09911,
  "fever/precision@3": 0.29803,
  "fiqa/MAP@10": 0.35243,
  "fiqa/MAP@3": 0.31261,
  "fiqa/NDCG@10": 0.42541,
  "fiqa/NDCG@3": 0.40079,
  "fiqa/Recall@10": 0.47425,
  "fiqa/Recall@3": 0.35676,
  "fiqa/precision@10": 0.11173,
  "fiqa/precision@3": 0.26595,
  "germanquad/MAP@10": 0.37047,
  "germanquad/MAP@3": 0.35828,
  "germanquad/NDCG@10": 0.39827,
  "germanquad/NDCG@3": 0.37436,
  "germanquad/Recall@10": 0.48386,
  "germanquad/Recall@3": 0.42074,
  "germanquad/precision@10": 0.04839,
  "germanquad/precision@3": 0.14025,
  "hotpotqa/MAP@10": 0.66051,
  "hotpotqa/MAP@3": 0.64245,
  "hotpotqa/NDCG@10": 0.7345,
  "hotpotqa/NDCG@3": 0.70996,
  "hotpotqa/Recall@10": 0.71789,
  "hotpotqa/Recall@3": 0.66408,
  "hotpotqa/precision@10": 0.14358,
  "hotpotqa/precision@3": 0.44272,
  "msmarco/MAP@10": 0.38649,
  "msmarco/MAP@3": 0.34992,
  "msmarco/NDCG@10": 0.45649,
  "msmarco/NDCG@3": 0.38203,
  "msmarco/Recall@10": 0.6707,
  "msmarco/Recall@3": 0.46787,
  "msmarco/precision@10": 0.07011,
  "msmarco/precision@3": 0.16213,
  "nfcorpus/MAP@10": 0.14684,
  "nfcorpus/MAP@3": 0.1138,
  "nfcorpus/NDCG@10": 0.37682,
  "nfcorpus/NDCG@3": 0.45803,
  "nfcorpus/Recall@10": 0.17467,
  "nfcorpus/Recall@3": 0.12337,
  "nfcorpus/precision@10": 0.26997,
  "nfcorpus/precision@3": 0.43344,
  "nq/MAP@10": 0.58314,
  "nq/MAP@3": 0.54976,
  "nq/NDCG@10": 0.64889,
  "nq/NDCG@3": 0.58906,
  "nq/Recall@10": 0.81945,
  "nq/Recall@3": 0.66676,
  "nq/precision@10": 0.09768,
  "nq/precision@3": 0.25869,
  "quora/MAP@10": 0.77031,
  "quora/MAP@3": 0.73942,
  "quora/NDCG@10": 0.81344,
  "quora/NDCG@3": 0.77837,
  "quora/Recall@10": 0.90359,
  "quora/Recall@3": 0.80437,
  "quora/precision@10": 0.12608,
  "quora/precision@3": 0.345,
  "scidocs/MAP@10": 0.11869,
  "scidocs/MAP@3": 0.08807,
  "scidocs/NDCG@10": 0.19373,
  "scidocs/NDCG@3": 0.19208,
  "scidocs/Recall@10": 0.19698,
  "scidocs/Recall@3": 0.10923,
  "scidocs/precision@10": 0.0972,
  "scidocs/precision@3": 0.17933,
  "scifact/MAP@10": 0.72339,
  "scifact/MAP@3": 0.69948,
  "scifact/NDCG@10": 0.76069,
  "scifact/NDCG@3": 0.72541,
  "scifact/Recall@10": 0.863,
  "scifact/Recall@3": 0.772,
  "scifact/precision@10": 0.098,
  "scifact/precision@3": 0.28222,
  "trec-covid/MAP@10": 0.02109,
  "trec-covid/MAP@3": 0.00744,
  "trec-covid/NDCG@10": 0.82939,
  "trec-covid/NDCG@3": 0.89776,
  "trec-covid/Recall@10": 0.02207,
  "trec-covid/Recall@3": 0.00751,
  "trec-covid/precision@10": 0.87,
  "trec-covid/precision@3": 0.94667,
  "webis-touche2020/MAP@10": 0.14828,
  "webis-touche2020/MAP@3": 0.08188,
  "webis-touche2020/NDCG@10": 0.35962,
  "webis-touche2020/NDCG@3": 0.44691,
  "webis-touche2020/Recall@10": 0.20728,
  "webis-touche2020/Recall@3": 0.09221,
  "webis-touche2020/precision@10": 0.3,
  "webis-touche2020/precision@3": 0.43537,
  "_runtime": 69465.05215787888,
  "cqadupstack/MAP@3": 0.3330016666666667,
  "cqadupstack/MAP@10": 0.35494166666666666,
  "cqadupstack/NDCG@3": 0.36589999999999995,
  "cqadupstack/Recall@3": 0.3931958333333333,
  "cqadupstack/precision@10": 0.06735583333333332,
  "_step": 0,
  "_wandb.runtime": 69456,
  "_timestamp": 1715074633.9482758,
  "cqadupstack/NDCG@10": 0.4002691666666667,
  "cqadupstack/Recall@10": 0.49267749999999993,
  "cqadupstack/precision@3": 0.16845166666666667
}