{
  "quora/Recall@3": 0.79986,
  "hotpotqa/NDCG@10": 0.71299,
  "trec-covid/NDCG@3": 0.90061,
  "trec-covid/precision@10": 0.87,
  "nq/NDCG@3": 0.57343,
  "nfcorpus/NDCG@3": 0.45594,
  "arguana/precision@10": 0.07013,
  "fever/NDCG@3": 0.76811,
  "fever/precision@3": 0.29443,
  "fever/MAP@3": 0.7388,
  "fever/Recall@3": 0.80646,
  "trec-covid/precision@3": 0.93333,
  "nfcorpus/Recall@3": 0.12786,
  "fever/precision@10": 0.09823,
  "germanquad/Recall@3": 0.40068,
  "_step": 15,
  "nq/MAP@3": 0.53347,
  "quora/MAP@3": 0.73295,
  "quora/NDCG@3": 0.77138,
  "scifact/MAP@10": 0.70744,
  "scifact/precision@10": 0.096,
  "climate-fever/Recall@10": 0.3306,
  "webis-touche2020/precision@10": 0.30612,
  "_runtime": 250292.70185422897,
  "fever/MAP@10": 0.75477,
  "msmarco/MAP@3": 0.34351,
  "msmarco/NDCG@10": 0.45105,
  "scidocs/NDCG@10": 0.19148,
  "arguana/Recall@3": 0.43812,
  "scidocs/Recall@3": 0.10778,
  "dbpedia-entity/MAP@3": 0.16502,
  "nq/Recall@3": 0.65489,
  "scidocs/precision@10": 0.097,
  "quora/NDCG@10": 0.81141,
  "scidocs/MAP@10": 0.11703,
  "quora/Recall@10": 0.9118,
  "cqadupstack/NDCG@3": 0.3657516666666667,
  "scifact/MAP@3": 0.68541,
  "scifact/NDCG@3": 0.70974,
  "nfcorpus/Recall@10": 0.17573,
  "msmarco/precision@10": 0.06963,
  "climate-fever/NDCG@10": 0.26311,
  "germanquad/precision@10": 0.04839,
  "webis-touche2020/MAP@10": 0.14402,
  "climate-fever/precision@10": 0.08736,
  "cqadupstack/precision@3": 0.1680458333333333,
  "msmarco/NDCG@3": 0.37516,
  "fever/Recall@10": 0.88786,
  "nq/precision@10": 0.09809,
  "quora/precision@3": 0.3443,
  "trec-covid/MAP@10": 0.0213,
  "arguana/precision@3": 0.14604,
  "climate-fever/precision@3": 0.15179,
  "arguana/MAP@10": 0.36949,
  "nq/precision@3": 0.2527,
  "fiqa/precision@3": 0.26337,
  "scidocs/MAP@3": 0.08645,
  "nfcorpus/MAP@10": 0.14928,
  "fiqa/precision@10": 0.10926,
  "cqadupstack/Recall@3": 0.3933775,
  "hotpotqa/precision@10": 0.14127,
  "hotpotqa/MAP@10": 0.62991,
  "nfcorpus/precision@10": 0.26811,
  "germanquad/precision@3": 0.13356,
  "webis-touche2020/MAP@3": 0.08054,
  "arguana/MAP@3": 0.32255,
  "webis-touche2020/Recall@3": 0.09511,
  "_wandb.runtime": 250295,
  "nq/MAP@10": 0.57036,
  "cqadupstack/MAP@3": 0.33263583333333335,
  "climate-fever/NDCG@3": 0.20262,
  "nq/NDCG@10": 0.64012,
  "cqadupstack/MAP@10": 0.35433583333333335,
  "trec-covid/NDCG@10": 0.82771,
  "cqadupstack/precision@10": 0.06730666666666667,
  "webis-touche2020/precision@3": 0.44218,
  "germanquad/NDCG@10": 0.38843,
  "climate-fever/MAP@10": 0.18053,
  "fiqa/MAP@10": 0.3531,
  "fiqa/NDCG@10": 0.42456,
  "nfcorpus/NDCG@10": 0.37638,
  "hotpotqa/Recall@3": 0.63592,
  "msmarco/Recall@10": 0.66569,
  "scifact/precision@3": 0.27667,
  "germanquad/Recall@10": 0.48386,
  "nq/Recall@10": 0.82377,
  "dbpedia-entity/MAP@10": 0.23482,
  "dbpedia-entity/precision@10": 0.387,
  "_timestamp": 1716404730.2230482,
  "scifact/Recall@3": 0.75578,
  "germanquad/NDCG@3": 0.35778,
  "climate-fever/MAP@3": 0.14482,
  "scidocs/precision@3": 0.177,
  "webis-touche2020/NDCG@10": 0.35175,
  "fiqa/MAP@3": 0.31691,
  "fiqa/Recall@3": 0.35993,
  "scidocs/NDCG@3": 0.1887,
  "arguana/NDCG@10": 0.44834,
  "quora/precision@10": 0.12798,
  "dbpedia-entity/NDCG@10": 0.48285,
  "webis-touche2020/Recall@10": 0.21181,
  "arguana/NDCG@3": 0.35217,
  "scidocs/Recall@10": 0.19667,
  "hotpotqa/Recall@10": 0.70635,
  "trec-covid/Recall@3": 0.00734,
  "hotpotqa/precision@3": 0.42395,
  "dbpedia-entity/Recall@3": 0.17524,
  "dbpedia-entity/Recall@10": 0.27814,
  "fiqa/NDCG@3": 0.40322,
  "fever/NDCG@10": 0.79746,
  "fiqa/Recall@10": 0.46606,
  "msmarco/MAP@10": 0.38103,
  "nfcorpus/MAP@3": 0.11684,
  "msmarco/Recall@3": 0.46022,
  "nfcorpus/precision@3": 0.42931,
  "dbpedia-entity/NDCG@3": 0.54171,
  "hotpotqa/NDCG@3": 0.68113,
  "germanquad/MAP@3": 0.34295,
  "trec-covid/MAP@3": 0.00725,
  "arguana/Recall@10": 0.70128,
  "cqadupstack/NDCG@10": 0.39938916666666663,
  "germanquad/MAP@10": 0.35807,
  "cqadupstack/Recall@10": 0.49019416666666665,
  "climate-fever/Recall@3": 0.18697,
  "hotpotqa/MAP@3": 0.60625,
  "scifact/Recall@10": 0.84633,
  "msmarco/precision@3": 0.15903,
  "trec-covid/Recall@10": 0.0224,
  "dbpedia-entity/precision@3": 0.58083,
  "quora/MAP@10": 0.76615,
  "scifact/NDCG@10": 0.74466,
  "webis-touche2020/NDCG@3": 0.43428
}