{
  "nfcorpus/NDCG@10": 0.39022,
  "scidocs/Recall@3": 0.12068,
  "nfcorpus/Recall@3": 0.12269,
  "msmarco/NDCG@3": 0.35983,
  "germanquad/Recall@3": 0.2818,
  "germanquad/Recall@10": 0.33611,
  "dbpedia-entity/precision@3": 0.59083,
  "arguana/MAP@3": 0.36735,
  "webis-touche2020/NDCG@3": 0.42246,
  "fiqa/MAP@3": 0.32942,
  "hotpotqa/MAP@3": 0.67002,
  "fiqa/precision@10": 0.12022,
  "hotpotqa/Recall@3": 0.70142,
  "hotpotqa/precision@10": 0.15953,
  "cqadupstack/precision@10": 0.07622166666666667,
  "scifact/MAP@3": 0.71263,
  "scifact/NDCG@10": 0.77239,
  "germanquad/MAP@3": 0.24437,
  "nfcorpus/MAP@10": 0.1507,
  "nfcorpus/NDCG@3": 0.46054,
  "arguana/Recall@10": 0.7404,
  "dbpedia-entity/NDCG@10": 0.51155,
  "climate-fever/Recall@10": 0.41971,
  "nq/Recall@10": 0.85552,
  "fever/Recall@3": 0.82962,
  "nq/precision@10": 0.10246,
  "germanquad/NDCG@10": 0.27425,
  "climate-fever/NDCG@3": 0.24466,
  "nfcorpus/precision@10": 0.28762,
  "trec-covid/precision@10": 0.904,
  "scifact/Recall@3": 0.802,
  "arguana/NDCG@3": 0.39926,
  "arguana/precision@10": 0.07404,
  "dbpedia-entity/MAP@10": 0.24545,
  "webis-touche2020/precision@10": 0.29592,
  "_timestamp": 1716327189.7954674,
  "hotpotqa/NDCG@10": 0.77903,
  "msmarco/Recall@3": 0.43971,
  "fever/precision@3": 0.30488,
  "webis-touche2020/MAP@10": 0.14003,
  "nq/Recall@3": 0.68395,
  "fever/NDCG@3": 0.78954,
  "climate-fever/MAP@10": 0.2233,
  "scifact/precision@10": 0.099,
  "dbpedia-entity/NDCG@3": 0.55277,
  "webis-touche2020/NDCG@10": 0.34834,
  "msmarco/MAP@10": 0.36938,
  "msmarco/Recall@10": 0.65683,
  "fever/precision@10": 0.10399,
  "scidocs/MAP@3": 0.09559,
  "scidocs/MAP@10": 0.13269,
  "cqadupstack/MAP@3": 0.3562125,
  "trec-covid/Recall@10": 0.02361,
  "scifact/MAP@10": 0.73331,
  "trec-covid/precision@3": 0.96667,
  "nq/MAP@10": 0.5968,
  "hotpotqa/NDCG@3": 0.73567,
  "fiqa/NDCG@10": 0.44809,
  "msmarco/NDCG@10": 0.43975,
  "cqadupstack/NDCG@3": 0.39205666666666666,
  "hotpotqa/precision@3": 0.46761,
  "cqadupstack/Recall@10": 0.5523141666666667,
  "_runtime": 252872.96730947497,
  "fever/MAP@3": 0.75936,
  "quora/MAP@3": 0.74167,
  "fever/NDCG@10": 0.82473,
  "nfcorpus/MAP@3": 0.1118,
  "dbpedia-entity/MAP@3": 0.16799,
  "nq/NDCG@3": 0.59906,
  "germanquad/NDCG@3": 0.25406,
  "quora/precision@3": 0.34733,
  "climate-fever/Recall@3": 0.22519,
  "arguana/Recall@3": 0.49218,
  "fiqa/precision@3": 0.27366,
  "hotpotqa/Recall@10": 0.79764,
  "webis-touche2020/Recall@3": 0.09097,
  "dbpedia-entity/precision@10": 0.4195,
  "nq/NDCG@10": 0.66739,
  "arguana/precision@3": 0.16406,
  "scidocs/precision@3": 0.19833,
  "_step": 15,
  "arguana/NDCG@10": 0.49003,
  "scifact/Recall@10": 0.87756,
  "climate-fever/MAP@3": 0.17325,
  "germanquad/precision@3": 0.09393,
  "dbpedia-entity/Recall@3": 0.17918,
  "germanquad/MAP@10": 0.25446,
  "msmarco/precision@10": 0.06858,
  "dbpedia-entity/Recall@10": 0.30088,
  "_wandb.runtime": 252874,
  "quora/Recall@3": 0.80907,
  "germanquad/precision@10": 0.03361,
  "climate-fever/precision@3": 0.1874,
  "scidocs/NDCG@3": 0.20808,
  "trec-covid/MAP@3": 0.00771,
  "trec-covid/MAP@10": 0.02282,
  "trec-covid/NDCG@10": 0.87157,
  "cqadupstack/NDCG@10": 0.43776666666666664,
  "msmarco/precision@3": 0.15167,
  "webis-touche2020/Recall@10": 0.20539,
  "webis-touche2020/MAP@3": 0.07935,
  "nq/MAP@3": 0.55815,
  "nq/precision@3": 0.26439,
  "nfcorpus/Recall@10": 0.18386,
  "climate-fever/precision@10": 0.11173,
  "webis-touche2020/precision@3": 0.42177,
  "fiqa/NDCG@3": 0.41515,
  "quora/NDCG@10": 0.81766,
  "scifact/NDCG@3": 0.74259,
  "quora/Recall@10": 0.91275,
  "trec-covid/NDCG@3": 0.93235,
  "scifact/precision@3": 0.29111,
  "msmarco/MAP@3": 0.33016,
  "arguana/MAP@10": 0.41168,
  "scidocs/Recall@10": 0.22473,
  "cqadupstack/Recall@3": 0.4234,
  "quora/NDCG@3": 0.78046,
  "fever/Recall@10": 0.92591,
  "scidocs/precision@10": 0.111,
  "climate-fever/NDCG@10": 0.32576,
  "cqadupstack/precision@3": 0.18136333333333332,
  "quora/MAP@10": 0.77367,
  "fiqa/Recall@3": 0.37107,
  "fiqa/Recall@10": 0.50749,
  "scidocs/NDCG@10": 0.21506,
  "quora/precision@10": 0.12816,
  "nfcorpus/precision@3": 0.43756,
  "fiqa/MAP@10": 0.37099,
  "fever/MAP@10": 0.77922,
  "hotpotqa/MAP@10": 0.70271,
  "cqadupstack/MAP@10": 0.3847825,
  "trec-covid/Recall@3": 0.00776
}