{
  "_runtime": 9887.62940454483,
  "climate-fever/MAP@10": 0.12808,
  "webis-touche2020/NDCG@10": 0.34707,
  "nq/precision@10": 0.05939,
  "scidocs/Recall@10": 0.17372,
  "climate-fever/Recall@3": 0.14177,
  "hotpotqa/MAP@10": 0.50976,
  "quora/Recall@10": 0.90219,
  "fever/precision@10": 0.08885,
  "arguana/MAP@10": 0.38394,
  "scidocs/NDCG@3": 0.15632,
  "fever/Recall@10": 0.81413,
  "arguana/Recall@3": 0.46515,
  "fever/precision@3": 0.24492,
  "dbpedia-entity/NDCG@10": 0.32016,
  "msmarco/MAP@3": 0.14927,
  "arguana/precision@3": 0.15505,
  "fiqa/MAP@3": 0.1632,
  "fever/MAP@10": 0.58538,
  "arguana/MAP@3": 0.33357,
  "msmarco/NDCG@3": 0.16779,
  "scidocs/precision@3": 0.146,
  "dbpedia-entity/precision@10": 0.27425,
  "fiqa/NDCG@10": 0.25364,
  "nq/precision@3": 0.11616,
  "fiqa/precision@3": 0.14455,
  "hotpotqa/Recall@10": 0.62964,
  "_timestamp": 1715177193.1343317,
  "cqadupstack/NDCG@10": 0.3253391666666667,
  "webis-touche2020/MAP@3": 0.06536,
  "webis-touche2020/Recall@10": 0.2122,
  "arguana/NDCG@3": 0.36733,
  "quora/precision@10": 0.12175,
  "nfcorpus/precision@3": 0.36017,
  "trec-covid/precision@10": 0.734,
  "climate-fever/Recall@10": 0.23179,
  "nq/MAP@10": 0.2619,
  "nq/NDCG@10": 0.32607,
  "arguana/Recall@10": 0.7532,
  "msmarco/Recall@10": 0.38159,
  "climate-fever/MAP@3": 0.10814,
  "nq/NDCG@3": 0.25027,
  "msmarco/MAP@10": 0.17818,
  "germanquad/precision@10": 0.05851,
  "fiqa/Recall@3": 0.20131,
  "germanquad/MAP@10": 0.38859,
  "fiqa/MAP@10": 0.19101,
  "scidocs/NDCG@10": 0.16468,
  "germanquad/NDCG@3": 0.38249,
  "quora/MAP@3": 0.72937,
  "fever/NDCG@3": 0.59975,
  "dbpedia-entity/NDCG@3": 0.34612,
  "germanquad/precision@3": 0.14693,
  "dbpedia-entity/Recall@3": 0.1227,
  "quora/NDCG@3": 0.77005,
  "fever/NDCG@10": 0.64938,
  "quora/NDCG@10": 0.80771,
  "scifact/MAP@10": 0.64374,
  "germanquad/MAP@3": 0.36236,
  "scidocs/Recall@3": 0.08893,
  "cqadupstack/MAP@3": 0.264245,
  "fiqa/NDCG@3": 0.2168,
  "nq/Recall@3": 0.30313,
  "arguana/NDCG@10": 0.47163,
  "msmarco/NDCG@10": 0.22747,
  "nfcorpus/NDCG@10": 0.32689,
  "nfcorpus/Recall@10": 0.15832,
  "nfcorpus/precision@10": 0.2356,
  "climate-fever/precision@10": 0.05752,
  "fever/Recall@3": 0.68155,
  "fiqa/Recall@10": 0.3244,
  "nfcorpus/MAP@10": 0.12367,
  "hotpotqa/NDCG@10": 0.60222,
  "hotpotqa/Recall@3": 0.52201,
  "cqadupstack/precision@10": 0.05459833333333333,
  "dbpedia-entity/Recall@10": 0.20883,
  "fever/MAP@3": 0.55998,
  "scifact/NDCG@3": 0.63658,
  "nfcorpus/NDCG@3": 0.38384,
  "climate-fever/NDCG@10": 0.18615,
  "trec-covid/precision@3": 0.8,
  "germanquad/Recall@10": 0.58513,
  "hotpotqa/precision@3": 0.34801,
  "scifact/precision@10": 0.09067,
  "hotpotqa/precision@10": 0.12593,
  "webis-touche2020/precision@10": 0.33061,
  "trec-covid/Recall@10": 0.01907,
  "_step": 15,
  "scifact/NDCG@10": 0.69064,
  "cqadupstack/MAP@10": 0.28435166666666667,
  "trec-covid/NDCG@10": 0.68803,
  "scifact/precision@3": 0.24111,
  "quora/Recall@3": 0.7969,
  "fiqa/precision@10": 0.07022,
  "quora/precision@3": 0.33237,
  "trec-covid/NDCG@3": 0.76235,
  "msmarco/precision@10": 0.03973,
  "scidocs/MAP@3": 0.07019,
  "cqadupstack/Recall@3": 0.3143208333333333,
  "scifact/Recall@3": 0.67928,
  "nfcorpus/Recall@3": 0.10793,
  "nq/MAP@3": 0.22401,
  "dbpedia-entity/MAP@10": 0.15197,
  "msmarco/precision@3": 0.07526,
  "dbpedia-entity/MAP@3": 0.10679,
  "scifact/MAP@3": 0.61432,
  "nfcorpus/MAP@3": 0.09586,
  "hotpotqa/NDCG@3": 0.55357,
  "msmarco/Recall@3": 0.21779,
  "scifact/Recall@10": 0.81978,
  "scidocs/precision@10": 0.0857,
  "cqadupstack/Recall@10": 0.4130908333333334,
  "_wandb.runtime": 9887,
  "nq/Recall@10": 0.50659,
  "scidocs/MAP@10": 0.09637,
  "arguana/precision@10": 0.07532,
  "climate-fever/NDCG@3": 0.14988,
  "quora/MAP@10": 0.75962,
  "cqadupstack/precision@3": 0.13074666666666665,
  "webis-touche2020/NDCG@3": 0.3633,
  "webis-touche2020/Recall@3": 0.08,
  "cqadupstack/NDCG@3": 0.2901358333333333,
  "germanquad/Recall@3": 0.4408,
  "climate-fever/precision@3": 0.10901,
  "dbpedia-entity/precision@3": 0.39833,
  "hotpotqa/MAP@3": 0.47762,
  "trec-covid/MAP@3": 0.0062,
  "trec-covid/Recall@3": 0.00637,
  "webis-touche2020/MAP@10": 0.13872,
  "webis-touche2020/precision@3": 0.38776,
  "trec-covid/MAP@10": 0.01698,
  "germanquad/NDCG@10": 0.43566
}