{
  "germanquad/MAP@10": 0.26173,
  "msmarco/Recall@10": 0.65633,
  "climate-fever/Recall@3": 0.21767,
  "scifact/MAP@10": 0.72379,
  "nfcorpus/NDCG@10": 0.38342,
  "scidocs/Recall@3": 0.11177,
  "arguana/Recall@10": 0.6522,
  "nq/NDCG@3": 0.59531,
  "scifact/MAP@3": 0.70059,
  "climate-fever/precision@10": 0.11114,
  "nfcorpus/precision@3": 0.43756,
  "webis-touche2020/NDCG@10": 0.34751,
  "arguana/MAP@10": 0.30772,
  "quora/Recall@3": 0.80217,
  "cqadupstack/NDCG@3": 0.38625166666666666,
  "quora/precision@10": 0.1252,
  "_wandb.runtime": 249768,
  "germanquad/MAP@3": 0.25294,
  "trec-covid/NDCG@3": 0.9295,
  "cqadupstack/NDCG@10": 0.43161083333333333,
  "dbpedia-entity/NDCG@3": 0.55435,
  "_timestamp": 1715153756.361484,
  "fiqa/NDCG@3": 0.41994,
  "quora/NDCG@3": 0.77821,
  "fiqa/precision@3": 0.27881,
  "nq/Recall@3": 0.67492,
  "nq/precision@10": 0.10055,
  "climate-fever/NDCG@3": 0.23863,
  "fever/NDCG@3": 0.78546,
  "msmarco/MAP@10": 0.38291,
  "cqadupstack/MAP@10": 0.37957,
  "msmarco/precision@3": 0.16022,
  "trec-covid/Recall@3": 0.00768,
  "nq/Recall@10": 0.84074,
  "scidocs/Recall@10": 0.21447,
  "scifact/precision@3": 0.28667,
  "hotpotqa/MAP@10": 0.73328,
  "nfcorpus/NDCG@3": 0.46032,
  "fever/precision@3": 0.30393,
  "cqadupstack/Recall@10": 0.5438916666666667,
  "nq/MAP@3": 0.55559,
  "quora/NDCG@10": 0.81167,
  "arguana/NDCG@3": 0.29147,
  "hotpotqa/MAP@3": 0.70795,
  "fever/precision@10": 0.10393,
  "nfcorpus/Recall@10": 0.17904,
  "dbpedia-entity/precision@3": 0.585,
  "arguana/precision@10": 0.06522,
  "climate-fever/NDCG@10": 0.32272,
  "nfcorpus/MAP@3": 0.10961,
  "fever/Recall@10": 0.92602,
  "nfcorpus/Recall@3": 0.121,
  "climate-fever/MAP@3": 0.17004,
  "nq/precision@3": 0.26139,
  "msmarco/precision@10": 0.06852,
  "webis-touche2020/NDCG@3": 0.44323,
  "fiqa/MAP@10": 0.37307,
  "webis-touche2020/precision@10": 0.27755,
  "webis-touche2020/precision@3": 0.42857,
  "_runtime": 249767.27144694328,
  "quora/MAP@10": 0.76921,
  "scidocs/NDCG@10": 0.20512,
  "scidocs/precision@10": 0.1057,
  "webis-touche2020/MAP@10": 0.14574,
  "germanquad/precision@3": 0.0972,
  "climate-fever/precision@3": 0.18089,
  "fever/MAP@3": 0.75524,
  "fever/NDCG@10": 0.82166,
  "scifact/NDCG@10": 0.76477,
  "germanquad/Recall@10": 0.33708,
  "msmarco/NDCG@10": 0.45041,
  "fiqa/precision@10": 0.12099,
  "trec-covid/precision@3": 0.96667,
  "scifact/Recall@10": 0.87756,
  "germanquad/Recall@3": 0.29159,
  "dbpedia-entity/MAP@10": 0.24472,
  "dbpedia-entity/Recall@3": 0.17795,
  "fiqa/NDCG@10": 0.45119,
  "scidocs/MAP@10": 0.12562,
  "cqadupstack/MAP@3": 0.35140166666666667,
  "scifact/NDCG@3": 0.72967,
  "trec-covid/MAP@3": 0.00761,
  "hotpotqa/Recall@3": 0.73383,
  "webis-touche2020/Recall@10": 0.19925,
  "germanquad/NDCG@10": 0.28017,
  "trec-covid/Recall@10": 0.02331,
  "webis-touche2020/MAP@3": 0.08578,
  "nq/MAP@10": 0.59231,
  "fiqa/Recall@10": 0.51285,
  "msmarco/NDCG@3": 0.37924,
  "scidocs/NDCG@3": 0.19568,
  "germanquad/precision@10": 0.03371,
  "fever/MAP@10": 0.77552,
  "scifact/Recall@3": 0.78533,
  "cqadupstack/Recall@3": 0.41683,
  "nfcorpus/precision@10": 0.28142,
  "fiqa/MAP@3": 0.33093,
  "cqadupstack/precision@3": 0.17854499999999998,
  "trec-covid/precision@10": 0.9,
  "hotpotqa/NDCG@10": 0.80011,
  "msmarco/Recall@3": 0.46354,
  "_step": 15,
  "scidocs/MAP@3": 0.09044,
  "climate-fever/Recall@10": 0.41643,
  "dbpedia-entity/Recall@10": 0.29831,
  "fever/Recall@3": 0.82691,
  "quora/Recall@10": 0.89865,
  "scifact/precision@10": 0.09933,
  "webis-touche2020/Recall@3": 0.0928,
  "arguana/MAP@3": 0.26055,
  "arguana/NDCG@10": 0.38944,
  "scidocs/precision@3": 0.18333,
  "dbpedia-entity/MAP@3": 0.16581,
  "hotpotqa/Recall@10": 0.80736,
  "hotpotqa/precision@3": 0.48922,
  "msmarco/MAP@3": 0.34781,
  "hotpotqa/NDCG@3": 0.76696,
  "arguana/Recall@3": 0.38122,
  "germanquad/NDCG@3": 0.26292,
  "dbpedia-entity/NDCG@10": 0.50957,
  "dbpedia-entity/precision@10": 0.415,
  "fiqa/Recall@3": 0.37663,
  "nfcorpus/MAP@10": 0.1455,
  "quora/precision@3": 0.34433,
  "trec-covid/NDCG@10": 0.87062,
  "nq/NDCG@10": 0.66067,
  "quora/MAP@3": 0.73954,
  "arguana/precision@3": 0.12707,
  "hotpotqa/precision@10": 0.16147,
  "trec-covid/MAP@10": 0.02232,
  "climate-fever/MAP@10": 0.22163,
  "cqadupstack/precision@10": 0.07519333333333335
}