{
  "trec-covid/Recall@10": 0.01069,
  "hotpotqa/precision@10": 0.07901,
  "nfcorpus/Recall@10": 0.09267,
  "webis-touche2020/Recall@3": 0.05859,
  "dbpedia-entity/precision@3": 0.13,
  "_step": 29,
  "nq/precision@3": 0.02008,
  "nfcorpus/NDCG@3": 0.24443,
  "fever/precision@3": 0.11981,
  "webis-touche2020/precision@10": 0.20816,
  "quora/MAP@3": 0.55675,
  "fiqa/precision@10": 0.03843,
  "webis-touche2020/NDCG@3": 0.2958,
  "dbpedia-entity/Recall@10": 0.06119,
  "climate-fever/Recall@10": 0.12204,
  "fever/NDCG@3": 0.28278,
  "fiqa/Recall@10": 0.17735,
  "germanquad/NDCG@3": 0.16924,
  "hotpotqa/precision@3": 0.20644,
  "webis-touche2020/MAP@3": 0.05052,
  "fiqa/Recall@3": 0.10638,
  "quora/Recall@3": 0.62232,
  "scidocs/NDCG@10": 0.06442,
  "climate-fever/MAP@10": 0.06598,
  "climate-fever/MAP@3": 0.05602,
  "_wandb.runtime": 679930,
  "nq/Recall@10": 0.09144,
  "quora/NDCG@10": 0.63553,
  "arguana/MAP@10": 0.23268,
  "hotpotqa/MAP@3": 0.27199,
  "fever/Recall@10": 0.4956,
  "dbpedia-entity/Recall@3": 0.03237,
  "quora/precision@10": 0.09652,
  "quora/precision@3": 0.2559,
  "trec-covid/MAP@10": 0.00807,
  "trec-covid/NDCG@3": 0.43592,
  "climate-fever/NDCG@10": 0.09772,
  "nq/MAP@3": 0.03726,
  "scidocs/NDCG@3": 0.06237,
  "nq/precision@10": 0.01083,
  "scifact/Recall@3": 0.5,
  "germanquad/precision@10": 0.03019,
  "fiqa/MAP@10": 0.09894,
  "hotpotqa/NDCG@3": 0.33215,
  "arguana/Recall@3": 0.28663,
  "trec-covid/MAP@3": 0.00299,
  "germanquad/Recall@3": 0.20303,
  "fever/MAP@3": 0.26,
  "fever/precision@10": 0.05389,
  "climate-fever/precision@10": 0.02997,
  "dbpedia-entity/precision@10": 0.08975,
  "fever/Recall@3": 0.33351,
  "quora/Recall@10": 0.73967,
  "dbpedia-entity/MAP@3": 0.02598,
  "climate-fever/Recall@3": 0.0735,
  "msmarco/Recall@10": 0.10092,
  "arguana/precision@10": 0.04822,
  "nq/NDCG@3": 0.04219,
  "msmarco/MAP@3": 0.04055,
  "scidocs/MAP@3": 0.02731,
  "msmarco/NDCG@3": 0.0448,
  "germanquad/MAP@3": 0.15753,
  "scidocs/Recall@10": 0.0666,
  "scifact/Recall@10": 0.62472,
  "fiqa/MAP@3": 0.0839,
  "fiqa/NDCG@3": 0.1133,
  "fever/NDCG@10": 0.34216,
  "nfcorpus/MAP@10": 0.07326,
  "dbpedia-entity/NDCG@3": 0.11002,
  "webis-touche2020/Recall@10": 0.12718,
  "_runtime": 679926.6324133873,
  "quora/MAP@10": 0.58374,
  "fiqa/precision@3": 0.07459,
  "hotpotqa/Recall@10": 0.39507,
  "arguana/MAP@3": 0.1982,
  "scidocs/MAP@10": 0.03579,
  "hotpotqa/Recall@3": 0.30966,
  "scifact/MAP@3": 0.43852,
  "germanquad/MAP@10": 0.17387,
  "nfcorpus/precision@3": 0.22704,
  "scifact/precision@10": 0.06833,
  "scifact/precision@3": 0.17667,
  "fever/MAP@10": 0.28868,
  "scifact/MAP@10": 0.46273,
  "scifact/NDCG@3": 0.45896,
  "arguana/NDCG@10": 0.29192,
  "webis-touche2020/MAP@10": 0.07999,
  "trec-covid/precision@10": 0.44,
  "webis-touche2020/precision@3": 0.30612,
  "nq/MAP@10": 0.04441,
  "nq/Recall@3": 0.05154,
  "quora/NDCG@3": 0.59416,
  "nfcorpus/precision@10": 0.14365,
  "msmarco/NDCG@10": 0.06128,
  "arguana/Recall@10": 0.48222,
  "nfcorpus/Recall@3": 0.0624,
  "climate-fever/NDCG@3": 0.07816,
  "_timestamp": 1712519517.8416884,
  "msmarco/precision@3": 0.01934,
  "scidocs/precision@3": 0.058,
  "dbpedia-entity/NDCG@10": 0.09939,
  "arguana/NDCG@3": 0.22085,
  "hotpotqa/MAP@10": 0.29294,
  "scifact/NDCG@10": 0.50562,
  "trec-covid/NDCG@10": 0.40482,
  "webis-touche2020/NDCG@10": 0.23125,
  "msmarco/Recall@3": 0.05565,
  "trec-covid/Recall@3": 0.00338,
  "msmarco/precision@10": 0.01057,
  "trec-covid/precision@3": 0.46667,
  "nq/NDCG@10": 0.05705,
  "fiqa/NDCG@10": 0.13634,
  "hotpotqa/NDCG@10": 0.37022,
  "dbpedia-entity/MAP@10": 0.03682,
  "msmarco/MAP@10": 0.04839,
  "nfcorpus/MAP@3": 0.05928,
  "germanquad/Recall@10": 0.30186,
  "germanquad/precision@3": 0.06768,
  "nfcorpus/NDCG@10": 0.20208,
  "scidocs/Recall@3": 0.03533,
  "arguana/precision@3": 0.09554,
  "scidocs/precision@10": 0.0327,
  "germanquad/NDCG@10": 0.20412,
  "climate-fever/precision@3": 0.05581,
  "cqadupstack/Recall@3": 0.19987166666666667,
  "cqadupstack/NDCG@3": 0.19545083333333335,
  "cqadupstack/Recall@10": 0.24249749999999995,
  "cqadupstack/MAP@10": 0.18921166666666667,
  "cqadupstack/MAP@3": 0.1809208333333333,
  "cqadupstack/precision@3": 0.0845475,
  "cqadupstack/NDCG@10": 0.20916916666666663,
  "cqadupstack/precision@10": 0.03222583333333333
}