{
  "germanquad/precision@10": 0.03019,
  "msmarco/Recall@10": 0.10078,
  "fever/precision@10": 0.05389,
  "msmarco/precision@3": 0.03223,
  "_timestamp": 1714801245.2026484,
  "trec-covid/MAP@3": 0.00495,
  "arguana/precision@10": 0.04659,
  "dbpedia-entity/MAP@10": 0.04942,
  "quora/MAP@3": 0.64463,
  "msmarco/Recall@3": 0.09254,
  "trec-covid/Recall@3": 0.00515,
  "cqadupstack/precision@3": 0.09737666666666668,
  "climate-fever/precision@3": 0.09121,
  "fiqa/MAP@3": 0.14432,
  "quora/NDCG@10": 0.6933,
  "germanquad/NDCG@10": 0.27601,
  "msmarco/precision@10": 0.01056,
  "nfcorpus/NDCG@10": 0.21839,
  "hotpotqa/Recall@3": 0.39291,
  "quora/NDCG@3": 0.68175,
  "arguana/NDCG@10": 0.29367,
  "scidocs/NDCG@10": 0.07549,
  "nq/MAP@10": 0.08052,
  "fever/MAP@3": 0.48705,
  "scidocs/Recall@3": 0.04835,
  "scidocs/precision@3": 0.07967,
  "climate-fever/Recall@10": 0.12204,
  "webis-touche2020/precision@10": 0.20816,
  "msmarco/NDCG@3": 0.08235,
  "scifact/MAP@10": 0.56125,
  "nfcorpus/Recall@10": 0.09284,
  "germanquad/Recall@10": 0.30186,
  "fever/Recall@10": 0.4956,
  "hotpotqa/Recall@10": 0.395,
  "germanquad/MAP@10": 0.26721,
  "climate-fever/Recall@3": 0.11494,
  "dbpedia-entity/Recall@10": 0.06119,
  "nq/Recall@3": 0.08806,
  "arguana/Recall@3": 0.30156,
  "nfcorpus/Recall@3": 0.07223,
  "webis-touche2020/NDCG@10": 0.26362,
  "webis-touche2020/precision@3": 0.38095,
  "nq/MAP@3": 0.07969,
  "nq/Recall@10": 0.09144,
  "msmarco/MAP@3": 0.07779,
  "webis-touche2020/MAP@10": 0.09087,
  "nfcorpus/NDCG@3": 0.28629,
  "dbpedia-entity/precision@10": 0.08975,
  "fiqa/NDCG@3": 0.18513,
  "msmarco/MAP@10": 0.07949,
  "fever/NDCG@3": 0.49617,
  "nfcorpus/precision@3": 0.258,
  "scifact/precision@10": 0.06833,
  "hotpotqa/precision@10": 0.079,
  "scidocs/NDCG@3": 0.08823,
  "trec-covid/NDCG@10": 0.46416,
  "nq/NDCG@3": 0.08419,
  "fever/MAP@10": 0.48734,
  "cqadupstack/MAP@3": 0.2076908333333333,
  "fiqa/precision@10": 0.03843,
  "climate-fever/MAP@10": 0.10488,
  "nq/precision@3": 0.03447,
  "scifact/NDCG@3": 0.5717,
  "hotpotqa/NDCG@10": 0.45003,
  "quora/precision@3": 0.29217,
  "cqadupstack/MAP@10": 0.21134083333333337,
  "cqadupstack/NDCG@3": 0.22422666666666669,
  "scidocs/precision@10": 0.0327,
  "webis-touche2020/Recall@3": 0.06962,
  "fiqa/MAP@10": 0.15009,
  "arguana/MAP@10": 0.23925,
  "quora/Recall@10": 0.74074,
  "trec-covid/NDCG@3": 0.65408,
  "cqadupstack/Recall@10": 0.24249749999999995,
  "fiqa/Recall@10": 0.17735,
  "hotpotqa/NDCG@3": 0.44905,
  "germanquad/Recall@3": 0.29207,
  "trec-covid/precision@10": 0.44,
  "quora/MAP@10": 0.65794,
  "quora/Recall@3": 0.69673,
  "scidocs/MAP@3": 0.03909,
  "climate-fever/MAP@3": 0.10242,
  "trec-covid/Recall@10": 0.01069,
  "germanquad/precision@3": 0.09736,
  "_step": 15,
  "fever/NDCG@10": 0.49579,
  "hotpotqa/MAP@10": 0.38908,
  "msmarco/NDCG@10": 0.08562,
  "fever/precision@3": 0.17872,
  "fever/Recall@3": 0.49483,
  "hotpotqa/MAP@3": 0.38842,
  "climate-fever/precision@10": 0.02997,
  "fiqa/Recall@3": 0.1572,
  "dbpedia-entity/MAP@3": 0.04166,
  "hotpotqa/precision@3": 0.26194,
  "arguana/precision@3": 0.10052,
  "cqadupstack/Recall@3": 0.2283758333333333,
  "arguana/MAP@3": 0.20839,
  "scifact/MAP@3": 0.55505,
  "nq/precision@10": 0.01083,
  "climate-fever/NDCG@10": 0.13436,
  "webis-touche2020/MAP@3": 0.06143,
  "_runtime": 9139.317360401154,
  "nq/NDCG@10": 0.0856,
  "dbpedia-entity/NDCG@3": 0.16263,
  "nfcorpus/precision@10": 0.1452,
  "arguana/NDCG@3": 0.23215,
  "scifact/Recall@10": 0.62472,
  "trec-covid/precision@3": 0.7,
  "webis-touche2020/NDCG@3": 0.39192,
  "cqadupstack/precision@10": 0.03222583333333333,
  "dbpedia-entity/precision@3": 0.18583,
  "nfcorpus/MAP@3": 0.06702,
  "scidocs/MAP@10": 0.04525,
  "trec-covid/MAP@10": 0.00993,
  "dbpedia-entity/NDCG@10": 0.12003,
  "scidocs/Recall@10": 0.0666,
  "quora/precision@10": 0.09672,
  "cqadupstack/NDCG@10": 0.22686916666666665,
  "scifact/precision@3": 0.21556,
  "scifact/NDCG@10": 0.58104,
  "germanquad/NDCG@3": 0.27209,
  "scifact/Recall@3": 0.60111,
  "arguana/Recall@10": 0.46586,
  "webis-touche2020/Recall@10": 0.12718,
  "nfcorpus/MAP@10": 0.0799,
  "germanquad/MAP@3": 0.26508,
  "fiqa/precision@3": 0.1106,
  "climate-fever/NDCG@3": 0.13691,
  "dbpedia-entity/Recall@3": 0.04638,
  "_wandb.runtime": 9139,
  "fiqa/NDCG@10": 0.18074
}