{
  "trec-covid/MAP@10": 0.01104,
  "quora/precision@10": 0.10414,
  "cqadupstack/Recall@3": 0.2433183333333334,
  "arguana/NDCG@3": 0.21841,
  "scidocs/MAP@10": 0.04891,
  "trec-covid/MAP@3": 0.00479,
  "germanquad/Recall@10": 0.35568,
  "fiqa/Recall@10": 0.20896,
  "scidocs/precision@3": 0.08433,
  "trec-covid/precision@10": 0.55,
  "hotpotqa/NDCG@3": 0.49041,
  "msmarco/Recall@10": 0.12957,
  "trec-covid/NDCG@3": 0.62335,
  "fever/Recall@10": 0.57818,
  "msmarco/Recall@3": 0.11145,
  "arguana/precision@3": 0.09412,
  "nfcorpus/precision@10": 0.15759,
  "webis-touche2020/MAP@10": 0.11857,
  "nq/NDCG@3": 0.09756,
  "arguana/MAP@10": 0.23322,
  "hotpotqa/MAP@3": 0.42828,
  "dbpedia-entity/Recall@3": 0.05111,
  "nfcorpus/MAP@10": 0.08499,
  "arguana/Recall@3": 0.28236,
  "cqadupstack/NDCG@3": 0.2368825,
  "nq/MAP@3": 0.09192,
  "nq/precision@3": 0.04056,
  "dbpedia-entity/NDCG@10": 0.1465,
  "quora/NDCG@10": 0.71838,
  "scifact/NDCG@10": 0.61218,
  "nfcorpus/Recall@3": 0.07448,
  "trec-covid/NDCG@10": 0.52972,
  "climate-fever/MAP@10": 0.13236,
  "cqadupstack/Recall@10": 0.2661691666666666,
  "fiqa/NDCG@3": 0.20409,
  "nq/Recall@3": 0.1033,
  "fiqa/Recall@3": 0.17395,
  "scifact/precision@3": 0.23111,
  "dbpedia-entity/MAP@10": 0.0594,
  "climate-fever/Recall@3": 0.1411,
  "quora/Recall@3": 0.71656,
  "cqadupstack/MAP@3": 0.2188941666666667,
  "hotpotqa/Recall@10": 0.43795,
  "scidocs/NDCG@3": 0.09271,
  "hotpotqa/MAP@10": 0.42943,
  "climate-fever/NDCG@10": 0.17061,
  "dbpedia-entity/precision@10": 0.1185,
  "fiqa/MAP@10": 0.167,
  "nq/Recall@10": 0.11008,
  "fever/Recall@3": 0.57649,
  "germanquad/MAP@3": 0.29786,
  "quora/precision@3": 0.30133,
  "germanquad/Recall@3": 0.33708,
  "germanquad/precision@3": 0.11236,
  "fever/NDCG@3": 0.57439,
  "fever/NDCG@10": 0.57428,
  "scidocs/NDCG@10": 0.0834,
  "cqadupstack/NDCG@10": 0.24299249999999992,
  "dbpedia-entity/NDCG@3": 0.18918,
  "cqadupstack/precision@10": 0.0356,
  "msmarco/MAP@10": 0.0957,
  "fever/precision@10": 0.06323,
  "msmarco/precision@3": 0.03878,
  "dbpedia-entity/precision@3": 0.21333,
  "fiqa/MAP@3": 0.15729,
  "cqadupstack/MAP@10": 0.22429749999999996,
  "cqadupstack/precision@3": 0.10354249999999998,
  "climate-fever/precision@10": 0.04026,
  "trec-covid/Recall@3": 0.00504,
  "webis-touche2020/MAP@3": 0.07552,
  "climate-fever/precision@3": 0.11336,
  "nfcorpus/Recall@10": 0.10063,
  "webis-touche2020/NDCG@3": 0.44649,
  "fiqa/precision@3": 0.12449,
  "trec-covid/Recall@10": 0.01258,
  "_runtime": 17769.564606428146,
  "arguana/MAP@3": 0.19642,
  "quora/Recall@10": 0.78551,
  "germanquad/NDCG@3": 0.30801,
  "dbpedia-entity/MAP@3": 0.04642,
  "webis-touche2020/precision@10": 0.25918,
  "nq/NDCG@10": 0.10034,
  "fever/MAP@3": 0.56246,
  "hotpotqa/NDCG@10": 0.49209,
  "webis-touche2020/Recall@3": 0.08658,
  "quora/MAP@3": 0.65753,
  "msmarco/NDCG@3": 0.09793,
  "hotpotqa/precision@3": 0.28953,
  "germanquad/NDCG@10": 0.31504,
  "nfcorpus/precision@3": 0.27554,
  "scifact/Recall@3": 0.64056,
  "fever/precision@3": 0.20917,
  "fiqa/precision@10": 0.0463,
  "nfcorpus/NDCG@3": 0.30134,
  "nq/precision@10": 0.01318,
  "scidocs/MAP@3": 0.04078,
  "scifact/MAP@3": 0.5806,
  "scifact/MAP@10": 0.58772,
  "germanquad/precision@10": 0.03557,
  "webis-touche2020/NDCG@10": 0.32004,
  "msmarco/MAP@3": 0.09213,
  "nfcorpus/NDCG@10": 0.23355,
  "climate-fever/MAP@3": 0.12646,
  "scidocs/precision@10": 0.0381,
  "_step": 15,
  "quora/NDCG@3": 0.69659,
  "arguana/NDCG@10": 0.29425,
  "msmarco/precision@10": 0.01361,
  "hotpotqa/precision@10": 0.08759,
  "nq/MAP@10": 0.09362,
  "fiqa/NDCG@10": 0.20385,
  "germanquad/MAP@10": 0.30143,
  "webis-touche2020/Recall@10": 0.16591,
  "nfcorpus/MAP@3": 0.07024,
  "msmarco/NDCG@10": 0.10493,
  "arguana/Recall@10": 0.49075,
  "scidocs/Recall@3": 0.05125,
  "climate-fever/NDCG@3": 0.16844,
  "webis-touche2020/precision@3": 0.44218,
  "_timestamp": 1714792085.2982495,
  "scifact/Recall@10": 0.6725,
  "scifact/precision@10": 0.074,
  "hotpotqa/Recall@3": 0.4343,
  "trec-covid/precision@3": 0.68667,
  "dbpedia-entity/Recall@10": 0.07638,
  "fever/MAP@10": 0.56305,
  "quora/MAP@10": 0.67712,
  "scifact/NDCG@3": 0.60055,
  "climate-fever/Recall@10": 0.16045,
  "_wandb.runtime": 17770,
  "scidocs/Recall@10": 0.07752,
  "arguana/precision@10": 0.04908
}