{
  "fiqa/Recall@10": 0.43199,
  "hotpotqa/Recall@3": 0.72438,
  "quora/precision@3": 0.32593,
  "scidocs/Recall@10": 0.1777,
  "cqadupstack/NDCG@10": 0.3655941666666666,
  "dbpedia-entity/NDCG@10": 0.43324,
  "nq/MAP@10": 0.51937,
  "nq/precision@10": 0.08479,
  "arguana/Recall@3": 0.27027,
  "msmarco/Recall@10": 0.57014,
  "trec-covid/Recall@10": 0.02075,
  "dbpedia-entity/precision@3": 0.52333,
  "msmarco/NDCG@3": 0.3513,
  "hotpotqa/MAP@3": 0.70767,
  "scidocs/NDCG@10": 0.17174,
  "nfcorpus/NDCG@10": 0.34033,
  "cqadupstack/MAP@10": 0.3199266666666667,
  "cqadupstack/Recall@3": 0.35291083333333334,
  "_timestamp": 1715815088.1198363,
  "scifact/Recall@10": 0.84578,
  "fever/precision@10": 0.1012,
  "climate-fever/MAP@10": 0.25465,
  "climate-fever/NDCG@3": 0.30234,
  "scifact/MAP@3": 0.67726,
  "fiqa/MAP@3": 0.2673,
  "nq/NDCG@10": 0.57465,
  "msmarco/MAP@10": 0.3492,
  "germanquad/MAP@3": 0.55675,
  "scidocs/Recall@3": 0.09522,
  "arguana/Recall@10": 0.55619,
  "dbpedia-entity/Recall@3": 0.15657,
  "nq/NDCG@3": 0.52536,
  "germanquad/precision@10": 0.07378,
  "fever/NDCG@3": 0.89036,
  "cqadupstack/NDCG@3": 0.32631916666666666,
  "dbpedia-entity/MAP@3": 0.1443,
  "nfcorpus/precision@10": 0.24211,
  "webis-touche2020/Recall@3": 0.0843,
  "fiqa/NDCG@3": 0.34627,
  "dbpedia-entity/NDCG@3": 0.48265,
  "trec-covid/MAP@3": 0.00639,
  "arguana/MAP@3": 0.18421,
  "fiqa/NDCG@10": 0.37582,
  "quora/Recall@10": 0.90341,
  "cqadupstack/MAP@3": 0.2971891666666667,
  "nfcorpus/Recall@10": 0.15868,
  "msmarco/precision@3": 0.14799,
  "hotpotqa/precision@3": 0.48292,
  "dbpedia-entity/MAP@10": 0.20817,
  "webis-touche2020/NDCG@10": 0.33935,
  "hotpotqa/NDCG@3": 0.76293,
  "dbpedia-entity/precision@10": 0.35,
  "climate-fever/precision@10": 0.09212,
  "germanquad/MAP@10": 0.57214,
  "trec-covid/Recall@3": 0.00678,
  "webis-touche2020/precision@3": 0.40816,
  "fiqa/precision@10": 0.09846,
  "germanquad/NDCG@3": 0.58256,
  "quora/MAP@10": 0.72843,
  "nq/Recall@3": 0.59106,
  "hotpotqa/MAP@10": 0.71552,
  "dbpedia-entity/Recall@10": 0.25894,
  "nq/MAP@3": 0.49153,
  "scidocs/MAP@3": 0.07416,
  "scifact/precision@10": 0.095,
  "_runtime": 68113.2233903408,
  "arguana/NDCG@10": 0.30672,
  "fiqa/precision@3": 0.22634,
  "scifact/Recall@3": 0.74244,
  "scidocs/precision@3": 0.15633,
  "scifact/precision@3": 0.26667,
  "cqadupstack/precision@3": 0.14783583333333333,
  "webis-touche2020/NDCG@3": 0.38273,
  "fever/MAP@10": 0.87301,
  "nfcorpus/precision@3": 0.3808,
  "quora/NDCG@3": 0.73649,
  "cqadupstack/Recall@10": 0.46302333333333334,
  "fever/NDCG@10": 0.89363,
  "fiqa/Recall@3": 0.31129,
  "quora/Recall@3": 0.77142,
  "germanquad/precision@3": 0.21902,
  "webis-touche2020/Recall@10": 0.21273,
  "_wandb.runtime": 68113,
  "msmarco/NDCG@10": 0.40445,
  "germanquad/Recall@10": 0.73777,
  "quora/MAP@3": 0.69242,
  "scidocs/MAP@10": 0.1004,
  "scifact/MAP@10": 0.70054,
  "quora/precision@10": 0.12395,
  "climate-fever/MAP@3": 0.22701,
  "fiqa/MAP@10": 0.30136,
  "arguana/MAP@10": 0.23102,
  "arguana/NDCG@3": 0.20621,
  "hotpotqa/Recall@10": 0.74619,
  "climate-fever/Recall@10": 0.35182,
  "quora/NDCG@10": 0.78397,
  "trec-covid/NDCG@10": 0.77292,
  "climate-fever/precision@3": 0.21824,
  "nfcorpus/MAP@3": 0.09878,
  "germanquad/Recall@3": 0.65705,
  "hotpotqa/precision@10": 0.14924,
  "fever/Recall@3": 0.90109,
  "scidocs/NDCG@3": 0.16703,
  "webis-touche2020/precision@10": 0.31224,
  "nfcorpus/Recall@3": 0.10977,
  "fever/precision@3": 0.32988,
  "climate-fever/NDCG@10": 0.33306,
  "trec-covid/precision@10": 0.832,
  "scifact/NDCG@10": 0.73922,
  "hotpotqa/NDCG@10": 0.77309,
  "msmarco/Recall@3": 0.42728,
  "trec-covid/MAP@10": 0.01861,
  "msmarco/precision@10": 0.0596,
  "fever/MAP@3": 0.86941,
  "scifact/NDCG@3": 0.70004,
  "nfcorpus/MAP@10": 0.12724,
  "germanquad/NDCG@10": 0.61296,
  "nq/precision@3": 0.22856,
  "arguana/precision@10": 0.05562,
  "scidocs/precision@10": 0.0876,
  "nq/Recall@10": 0.71524,
  "fever/Recall@10": 0.91271,
  "trec-covid/NDCG@3": 0.82061,
  "trec-covid/precision@3": 0.88667,
  "webis-touche2020/MAP@10": 0.13326,
  "msmarco/MAP@3": 0.32267,
  "nfcorpus/NDCG@3": 0.40783,
  "arguana/precision@3": 0.09009,
  "climate-fever/Recall@3": 0.26351,
  "webis-touche2020/MAP@3": 0.0686,
  "cqadupstack/precision@10": 0.06193916666666668,
  "_step": 15
}