{
  "arguana/precision@3": 0.11712,
  "hotpotqa/precision@3": 0.4424,
  "webis-touche2020/precision@10": 0.30816,
  "scidocs/NDCG@3": 0.16683,
  "fever/Recall@10": 0.8596,
  "nfcorpus/MAP@10": 0.1318,
  "fever/MAP@10": 0.82874,
  "scifact/MAP@3": 0.67429,
  "msmarco/NDCG@3": 0.31371,
  "hotpotqa/precision@10": 0.13483,
  "trec-covid/precision@10": 0.774,
  "cqadupstack/precision@10": 0.05900916666666666,
  "dbpedia-entity/precision@10": 0.308,
  "germanquad/Recall@10": 0.6546,
  "fiqa/MAP@3": 0.25627,
  "quora/MAP@3": 0.72467,
  "arguana/MAP@3": 0.23874,
  "msmarco/MAP@3": 0.29035,
  "hotpotqa/MAP@3": 0.65124,
  "scifact/Recall@3": 0.74144,
  "germanquad/Recall@3": 0.60421,
  "arguana/precision@10": 0.06984,
  "climate-fever/MAP@10": 0.22194,
  "dbpedia-entity/NDCG@3": 0.452,
  "webis-touche2020/MAP@10": 0.13948,
  "scidocs/Recall@3": 0.09473,
  "cqadupstack/MAP@3": 0.2948275,
  "arguana/Recall@10": 0.69844,
  "scidocs/Recall@10": 0.17872,
  "cqadupstack/NDCG@3": 0.3235133333333333,
  "climate-fever/NDCG@10": 0.28705,
  "quora/Recall@3": 0.80366,
  "hotpotqa/NDCG@3": 0.71182,
  "msmarco/NDCG@10": 0.3476,
  "fiqa/precision@3": 0.20679,
  "dbpedia-entity/MAP@10": 0.19176,
  "fever/Recall@3": 0.85448,
  "cqadupstack/MAP@10": 0.3150608333333334,
  "trec-covid/NDCG@10": 0.73664,
  "scidocs/precision@10": 0.0881,
  "cqadupstack/precision@3": 0.14627166666666666,
  "climate-fever/precision@3": 0.1937,
  "dbpedia-entity/Recall@10": 0.23441,
  "quora/MAP@10": 0.75824,
  "nq/precision@3": 0.20307,
  "scidocs/MAP@10": 0.10126,
  "hotpotqa/MAP@10": 0.65508,
  "scidocs/NDCG@10": 0.17209,
  "trec-covid/Recall@10": 0.01979,
  "dbpedia-entity/Recall@3": 0.1526,
  "fiqa/precision@10": 0.0821,
  "nfcorpus/Recall@10": 0.1623,
  "cqadupstack/NDCG@10": 0.3569291666666667,
  "msmarco/precision@3": 0.1298,
  "cqadupstack/Recall@10": 0.4434558333333334,
  "climate-fever/Recall@10": 0.28486,
  "germanquad/NDCG@10": 0.56571,
  "dbpedia-entity/precision@3": 0.49667,
  "webis-touche2020/precision@3": 0.44898,
  "dbpedia-entity/NDCG@10": 0.38906,
  "webis-touche2020/Recall@3": 0.08785,
  "_wandb.runtime": 17724,
  "nq/NDCG@10": 0.50265,
  "scifact/NDCG@10": 0.73533,
  "scifact/Recall@10": 0.83828,
  "climate-fever/Recall@3": 0.23447,
  "germanquad/precision@10": 0.06546,
  "fiqa/MAP@10": 0.27754,
  "climate-fever/precision@10": 0.07322,
  "scifact/NDCG@3": 0.69843,
  "arguana/Recall@3": 0.35135,
  "fever/precision@3": 0.31098,
  "scidocs/precision@3": 0.156,
  "cqadupstack/Recall@3": 0.34863166666666673,
  "germanquad/precision@3": 0.2014,
  "webis-touche2020/MAP@3": 0.07384,
  "msmarco/MAP@10": 0.30771,
  "trec-covid/MAP@3": 0.00647,
  "hotpotqa/Recall@3": 0.66361,
  "trec-covid/NDCG@3": 0.83162,
  "climate-fever/MAP@3": 0.20529,
  "nq/MAP@10": 0.46332,
  "_timestamp": 1715712100.4117997,
  "nfcorpus/MAP@3": 0.10285,
  "fever/MAP@3": 0.82695,
  "fiqa/Recall@3": 0.29489,
  "hotpotqa/NDCG@10": 0.71684,
  "germanquad/MAP@10": 0.53638,
  "scifact/precision@3": 0.26667,
  "nq/NDCG@3": 0.47581,
  "arguana/NDCG@3": 0.26749,
  "germanquad/NDCG@3": 0.54663,
  "nfcorpus/Recall@3": 0.11329,
  "hotpotqa/Recall@10": 0.67414,
  "nq/Recall@10": 0.59304,
  "scidocs/MAP@3": 0.07442,
  "nq/precision@10": 0.06996,
  "germanquad/MAP@3": 0.52666,
  "msmarco/Recall@3": 0.37537,
  "fever/precision@10": 0.0944,
  "fever/NDCG@3": 0.84623,
  "fiqa/Recall@10": 0.36852,
  "trec-covid/MAP@10": 0.01782,
  "trec-covid/Recall@3": 0.00684,
  "webis-touche2020/Recall@10": 0.2057,
  "quora/Recall@10": 0.91755,
  "nfcorpus/NDCG@10": 0.3439,
  "nfcorpus/precision@3": 0.39009,
  "webis-touche2020/NDCG@3": 0.43764,
  "fiqa/NDCG@3": 0.32689,
  "nfcorpus/precision@10": 0.2418,
  "_runtime": 17724.330939769745,
  "fiqa/NDCG@10": 0.33803,
  "arguana/MAP@10": 0.29621,
  "scifact/MAP@10": 0.69726,
  "msmarco/precision@10": 0.04842,
  "fever/NDCG@10": 0.8471,
  "nq/Recall@3": 0.52631,
  "quora/NDCG@10": 0.80997,
  "quora/precision@10": 0.12619,
  "dbpedia-entity/MAP@3": 0.13961,
  "scifact/precision@10": 0.094,
  "trec-covid/precision@3": 0.88667,
  "nq/MAP@3": 0.44779,
  "arguana/NDCG@10": 0.3901,
  "climate-fever/NDCG@3": 0.27444,
  "_step": 15,
  "quora/NDCG@3": 0.76931,
  "nfcorpus/NDCG@3": 0.41919,
  "msmarco/Recall@10": 0.46459,
  "quora/precision@3": 0.34103,
  "webis-touche2020/NDCG@10": 0.35346
}