{
  "Name": "dragon_20_embedding_reranker_keep_0",
  "Runtime": 14090,
  "k_kept_retrieved_passages": 0,
  "num_retrieved_passages": 20,
  "arguana/MAP@10": 0.28028,
  "arguana/MAP@3": 0.22499,
  "arguana/NDCG@10": 0.36675,
  "arguana/NDCG@3": 0.2513,
  "arguana/Recall@10": 0.64865,
  "arguana/Recall@3": 0.32788,
  "arguana/precision@10": 0.06486,
  "arguana/precision@3": 0.10929,
  "climate-fever/MAP@10": 0.24843,
  "climate-fever/MAP@3": 0.22673,
  "climate-fever/NDCG@10": 0.32297,
  "climate-fever/NDCG@3": 0.30088,
  "climate-fever/Recall@10": 0.3346,
  "climate-fever/Recall@3": 0.26372,
  "climate-fever/precision@10": 0.08664,
  "climate-fever/precision@3": 0.21846,
  "dbpedia-entity/MAP@10": 0.22653,
  "dbpedia-entity/MAP@3": 0.15623,
  "dbpedia-entity/NDCG@10": 0.45743,
  "dbpedia-entity/NDCG@3": 0.50292,
  "dbpedia-entity/Recall@10": 0.27596,
  "dbpedia-entity/Recall@3": 0.16857,
  "dbpedia-entity/precision@10": 0.368,
  "dbpedia-entity/precision@3": 0.53667,
  "fever/MAP@10": 0.88558,
  "fever/MAP@3": 0.88307,
  "fever/NDCG@10": 0.90635,
  "fever/NDCG@3": 0.90467,
  "fever/Recall@10": 0.92395,
  "fever/Recall@3": 0.9164,
  "fever/precision@10": 0.10195,
  "fever/precision@3": 0.33468,
  "fiqa/MAP@10": 0.32214,
  "fiqa/MAP@3": 0.28165,
  "fiqa/NDCG@10": 0.39676,
  "fiqa/NDCG@3": 0.36357,
  "fiqa/Recall@10": 0.45382,
  "fiqa/Recall@3": 0.32478,
  "fiqa/precision@10": 0.10694,
  "fiqa/precision@3": 0.23817,
  "germanquad/MAP@10": 0.37657,
  "germanquad/MAP@3": 0.37198,
  "germanquad/NDCG@10": 0.39254,
  "germanquad/NDCG@3": 0.38369,
  "germanquad/Recall@10": 0.44031,
  "germanquad/Recall@3": 0.41732,
  "germanquad/precision@10": 0.04403,
  "germanquad/precision@3": 0.13911,
  "hotpotqa/MAP@10": 0.68447,
  "hotpotqa/MAP@3": 0.6788,
  "hotpotqa/NDCG@10": 0.74804,
  "hotpotqa/NDCG@3": 0.74089,
  "hotpotqa/Recall@10": 0.70979,
  "hotpotqa/Recall@3": 0.69487,
  "hotpotqa/precision@10": 0.14196,
  "hotpotqa/precision@3": 0.46325,
  "msmarco/MAP@10": 0.39976,
  "msmarco/MAP@3": 0.36172,
  "msmarco/NDCG@10": 0.47314,
  "msmarco/NDCG@3": 0.39602,
  "msmarco/Recall@10": 0.69721,
  "msmarco/Recall@3": 0.48817,
  "msmarco/precision@10": 0.07298,
  "msmarco/precision@3": 0.16901,
  "nfcorpus/MAP@10": 0.12916,
  "nfcorpus/MAP@3": 0.099,
  "nfcorpus/NDCG@10": 0.34452,
  "nfcorpus/NDCG@3": 0.40955,
  "nfcorpus/Recall@10": 0.16242,
  "nfcorpus/Recall@3": 0.10938,
  "nfcorpus/precision@10": 0.2517,
  "nfcorpus/precision@3": 0.38493,
  "nq/MAP@10": 0.55087,
  "nq/MAP@3": 0.51428,
  "nq/NDCG@10": 0.61854,
  "nq/NDCG@3": 0.55324,
  "nq/Recall@10": 0.79732,
  "nq/Recall@3": 0.63321,
  "nq/precision@10": 0.09473,
  "nq/precision@3": 0.24363,
  "quora/MAP@10": 0.73638,
  "quora/MAP@3": 0.6945,
  "quora/NDCG@10": 0.79517,
  "quora/NDCG@3": 0.73918,
  "quora/Recall@10": 0.92678,
  "quora/Recall@3": 0.7759,
  "quora/precision@10": 0.1288,
  "quora/precision@3": 0.3287,
  "scidocs/MAP@10": 0.10288,
  "scidocs/MAP@3": 0.07588,
  "scidocs/NDCG@10": 0.17332,
  "scidocs/NDCG@3": 0.17079,
  "scidocs/Recall@10": 0.17737,
  "scidocs/Recall@3": 0.09663,
  "scidocs/precision@10": 0.0875,
  "scidocs/precision@3": 0.159,
  "scifact/MAP@10": 0.6895,
  "scifact/MAP@3": 0.66702,
  "scifact/NDCG@10": 0.72539,
  "scifact/NDCG@3": 0.68888,
  "scifact/Recall@10": 0.82356,
  "scifact/Recall@3": 0.72489,
  "scifact/precision@10": 0.093,
  "scifact/precision@3": 0.26444,
  "trec-covid/MAP@10": 0.01909,
  "trec-covid/MAP@3": 0.00656,
  "trec-covid/NDCG@10": 0.78054,
  "trec-covid/NDCG@3": 0.83642,
  "trec-covid/Recall@10": 0.02084,
  "trec-covid/Recall@3": 0.00683,
  "trec-covid/precision@10": 0.824,
  "trec-covid/precision@3": 0.89333,
  "webis-touche2020/MAP@10": 0.1355,
  "webis-touche2020/MAP@3": 0.07087,
  "webis-touche2020/NDCG@10": 0.33276,
  "webis-touche2020/NDCG@3": 0.3863,
  "webis-touche2020/Recall@10": 0.20835,
  "webis-touche2020/Recall@3": 0.08755,
  "webis-touche2020/precision@10": 0.3,
  "webis-touche2020/precision@3": 0.41497,
  "_runtime": 5888.457926750183,
  "cqadupstack/NDCG@10": 0.3730575,
  "cqadupstack/Recall@3": 0.36159083333333336,
  "cqadupstack/precision@3": 0.15187,
  "cqadupstack/MAP@10": 0.3257275,
  "cqadupstack/NDCG@3": 0.33282416666666664,
  "cqadupstack/Recall@10": 0.4738225,
  "cqadupstack/precision@10": 0.06415083333333334,
  "_step": 0,
  "_wandb.runtime": 5887,
  "_timestamp": 1714921468.9353678,
  "cqadupstack/MAP@3": 0.30190749999999994
}