{
  "Name": "dragon_80_embedding_reranker_keep_0",
  "Runtime": 50502,
  "k_kept_retrieved_passages": 0,
  "num_retrieved_passages": 80,
  "arguana/MAP@10": 0.22023,
  "arguana/MAP@3": 0.17828,
  "arguana/NDCG@10": 0.28727,
  "arguana/NDCG@3": 0.19926,
  "arguana/Recall@10": 0.50569,
  "arguana/Recall@3": 0.26031,
  "arguana/precision@10": 0.05057,
  "arguana/precision@3": 0.08677,
  "climate-fever/MAP@10": 0.2898,
  "climate-fever/MAP@3": 0.25349,
  "climate-fever/NDCG@10": 0.38126,
  "climate-fever/NDCG@3": 0.339,
  "climate-fever/Recall@10": 0.41832,
  "climate-fever/Recall@3": 0.30194,
  "climate-fever/precision@10": 0.11257,
  "climate-fever/precision@3": 0.25472,
  "dbpedia-entity/MAP@10": 0.23087,
  "dbpedia-entity/MAP@3": 0.15551,
  "dbpedia-entity/NDCG@10": 0.47414,
  "dbpedia-entity/NDCG@3": 0.50465,
  "dbpedia-entity/Recall@10": 0.28985,
  "dbpedia-entity/Recall@3": 0.16808,
  "dbpedia-entity/precision@10": 0.38725,
  "dbpedia-entity/precision@3": 0.53583,
  "fever/MAP@10": 0.89984,
  "fever/MAP@3": 0.89546,
  "fever/NDCG@10": 0.92206,
  "fever/NDCG@3": 0.91796,
  "fever/Recall@10": 0.94504,
  "fever/Recall@3": 0.93155,
  "fever/precision@10": 0.10507,
  "fever/precision@3": 0.34138,
  "fiqa/MAP@10": 0.31634,
  "fiqa/MAP@3": 0.27437,
  "fiqa/NDCG@10": 0.39636,
  "fiqa/NDCG@3": 0.35815,
  "fiqa/Recall@10": 0.47195,
  "fiqa/Recall@3": 0.32685,
  "fiqa/precision@10": 0.10941,
  "fiqa/precision@3": 0.24023,
  "germanquad/MAP@10": 0.45477,
  "germanquad/MAP@3": 0.44357,
  "germanquad/NDCG@10": 0.4819,
  "germanquad/NDCG@3": 0.45979,
  "germanquad/Recall@10": 0.56507,
  "germanquad/Recall@3": 0.50636,
  "germanquad/precision@10": 0.05651,
  "germanquad/precision@3": 0.16879,
  "hotpotqa/MAP@10": 0.72881,
  "hotpotqa/MAP@3": 0.71843,
  "hotpotqa/NDCG@10": 0.78863,
  "hotpotqa/NDCG@3": 0.77529,
  "hotpotqa/Recall@10": 0.76637,
  "hotpotqa/Recall@3": 0.73774,
  "hotpotqa/precision@10": 0.15327,
  "hotpotqa/precision@3": 0.49183,
  "msmarco/MAP@10": 0.39775,
  "msmarco/MAP@3": 0.35885,
  "msmarco/NDCG@10": 0.47176,
  "msmarco/NDCG@3": 0.39295,
  "msmarco/Recall@10": 0.69774,
  "msmarco/Recall@3": 0.48432,
  "msmarco/precision@10": 0.07301,
  "msmarco/precision@3": 0.16767,
  "nfcorpus/MAP@10": 0.12542,
  "nfcorpus/MAP@3": 0.09743,
  "nfcorpus/NDCG@10": 0.34215,
  "nfcorpus/NDCG@3": 0.41278,
  "nfcorpus/Recall@10": 0.16004,
  "nfcorpus/Recall@3": 0.1115,
  "nfcorpus/precision@10": 0.24551,
  "nfcorpus/precision@3": 0.387,
  "nq/MAP@10": 0.48183,
  "nq/MAP@3": 0.43683,
  "nq/NDCG@10": 0.56296,
  "nq/NDCG@3": 0.477,
  "nq/Recall@10": 0.78797,
  "nq/Recall@3": 0.56327,
  "nq/precision@10": 0.09337,
  "nq/precision@3": 0.21669,
  "quora/MAP@10": 0.69638,
  "quora/MAP@3": 0.65903,
  "quora/NDCG@10": 0.75372,
  "quora/NDCG@3": 0.70205,
  "quora/Recall@10": 0.8781,
  "quora/Recall@3": 0.73574,
  "quora/precision@10": 0.12055,
  "quora/precision@3": 0.31047,
  "scidocs/MAP@10": 0.10331,
  "scidocs/MAP@3": 0.07546,
  "scidocs/NDCG@10": 0.17645,
  "scidocs/NDCG@3": 0.17104,
  "scidocs/Recall@10": 0.183,
  "scidocs/Recall@3": 0.09757,
  "scidocs/precision@10": 0.0903,
  "scidocs/precision@3": 0.16033,
  "scifact/MAP@10": 0.69639,
  "scifact/MAP@3": 0.67026,
  "scifact/NDCG@10": 0.73677,
  "scifact/NDCG@3": 0.69458,
  "scifact/Recall@10": 0.84811,
  "scifact/Recall@3": 0.73544,
  "scifact/precision@10": 0.096,
  "scifact/precision@3": 0.26667,
  "trec-covid/MAP@10": 0.01827,
  "trec-covid/MAP@3": 0.0062,
  "trec-covid/NDCG@10": 0.76301,
  "trec-covid/NDCG@3": 0.80654,
  "trec-covid/Recall@10": 0.02021,
  "trec-covid/Recall@3": 0.0066,
  "trec-covid/precision@10": 0.816,
  "trec-covid/precision@3": 0.87333,
  "webis-touche2020/MAP@10": 0.12699,
  "webis-touche2020/MAP@3": 0.06489,
  "webis-touche2020/NDCG@10": 0.32882,
  "webis-touche2020/NDCG@3": 0.36233,
  "webis-touche2020/Recall@10": 0.20795,
  "webis-touche2020/Recall@3": 0.08157,
  "webis-touche2020/precision@10": 0.30816,
  "webis-touche2020/precision@3": 0.38776,
  "cqadupstack/NDCG@3": 0.3312066666666667,
  "cqadupstack/NDCG@10": 0.3733658333333332,
  "cqadupstack/Recall@10": 0.4783625,
  "cqadupstack/precision@3": 0.15089,
  "_step": 0,
  "cqadupstack/MAP@3": 0.30079750000000005,
  "_timestamp": 1714947690.8604774,
  "cqadupstack/MAP@10": 0.32517083333333335,
  "cqadupstack/Recall@3": 0.3595375,
  "cqadupstack/precision@10": 0.0642825,
  "_wandb.runtime": 23181,
  "_runtime": 23182.30900144577
}