{
  "Name": "dragon_40_embedding_reranker_keep_0",
  "Runtime": 26365,
  "k_kept_retrieved_passages": 0,
  "num_retrieved_passages": 40,
  "arguana/MAP@10": 0.24616,
  "arguana/MAP@3": 0.19832,
  "arguana/NDCG@10": 0.32217,
  "arguana/NDCG@3": 0.222,
  "arguana/Recall@10": 0.5697,
  "arguana/Recall@3": 0.2909,
  "arguana/precision@10": 0.05697,
  "arguana/precision@3": 0.09697,
  "climate-fever/MAP@10": 0.27575,
  "climate-fever/MAP@3": 0.24578,
  "climate-fever/NDCG@10": 0.35929,
  "climate-fever/NDCG@3": 0.32593,
  "climate-fever/Recall@10": 0.38336,
  "climate-fever/Recall@3": 0.28767,
  "climate-fever/precision@10": 0.10202,
  "climate-fever/precision@3": 0.24148,
  "dbpedia-entity/MAP@10": 0.2292,
  "dbpedia-entity/MAP@3": 0.15708,
  "dbpedia-entity/NDCG@10": 0.4696,
  "dbpedia-entity/NDCG@3": 0.50597,
  "dbpedia-entity/Recall@10": 0.28149,
  "dbpedia-entity/Recall@3": 0.16919,
  "dbpedia-entity/precision@10": 0.382,
  "dbpedia-entity/precision@3": 0.53833,
  "fever/MAP@10": 0.89468,
  "fever/MAP@3": 0.8913,
  "fever/NDCG@10": 0.91636,
  "fever/NDCG@3": 0.91354,
  "fever/Recall@10": 0.93682,
  "fever/Recall@3": 0.92617,
  "fever/precision@10": 0.10384,
  "fever/precision@3": 0.33913,
  "fiqa/MAP@10": 0.31839,
  "fiqa/MAP@3": 0.2766,
  "fiqa/NDCG@10": 0.39719,
  "fiqa/NDCG@3": 0.35837,
  "fiqa/Recall@10": 0.46772,
  "fiqa/Recall@3": 0.32565,
  "fiqa/precision@10": 0.10926,
  "fiqa/precision@3": 0.23765,
  "germanquad/MAP@10": 0.41898,
  "germanquad/MAP@3": 0.41194,
  "germanquad/NDCG@10": 0.43999,
  "germanquad/NDCG@3": 0.42632,
  "germanquad/Recall@10": 0.50342,
  "germanquad/Recall@3": 0.46771,
  "germanquad/precision@10": 0.05034,
  "germanquad/precision@3": 0.1559,
  "hotpotqa/MAP@10": 0.70822,
  "hotpotqa/MAP@3": 0.69999,
  "hotpotqa/NDCG@10": 0.7697,
  "hotpotqa/NDCG@3": 0.75915,
  "hotpotqa/Recall@10": 0.73964,
  "hotpotqa/Recall@3": 0.71729,
  "hotpotqa/precision@10": 0.14793,
  "hotpotqa/precision@3": 0.47819,
  "msmarco/MAP@10": 0.39902,
  "msmarco/MAP@3": 0.3605,
  "msmarco/NDCG@10": 0.47287,
  "msmarco/NDCG@3": 0.39477,
  "msmarco/Recall@10": 0.69838,
  "msmarco/Recall@3": 0.48676,
  "msmarco/precision@10": 0.07309,
  "msmarco/precision@3": 0.16848,
  "nfcorpus/MAP@10": 0.12828,
  "nfcorpus/MAP@3": 0.09901,
  "nfcorpus/NDCG@10": 0.34535,
  "nfcorpus/NDCG@3": 0.41428,
  "nfcorpus/Recall@10": 0.16072,
  "nfcorpus/Recall@3": 0.11123,
  "nfcorpus/precision@10": 0.25015,
  "nfcorpus/precision@3": 0.39009,
  "nq/MAP@10": 0.52819,
  "nq/MAP@3": 0.48524,
  "nq/NDCG@10": 0.60394,
  "nq/NDCG@3": 0.52477,
  "nq/Recall@10": 0.80917,
  "nq/Recall@3": 0.60682,
  "nq/precision@10": 0.09618,
  "nq/precision@3": 0.23358,
  "quora/MAP@10": 0.71455,
  "quora/MAP@3": 0.6751,
  "quora/NDCG@10": 0.77308,
  "quora/NDCG@3": 0.71899,
  "quora/Recall@10": 0.90205,
  "quora/Recall@3": 0.75453,
  "quora/precision@10": 0.12456,
  "quora/precision@3": 0.31867,
  "scidocs/MAP@10": 0.10381,
  "scidocs/MAP@3": 0.07581,
  "scidocs/NDCG@10": 0.17686,
  "scidocs/NDCG@3": 0.17169,
  "scidocs/Recall@10": 0.18352,
  "scidocs/Recall@3": 0.09783,
  "scidocs/precision@10": 0.0906,
  "scidocs/precision@3": 0.161,
  "scifact/MAP@10": 0.69238,
  "scifact/MAP@3": 0.66693,
  "scifact/NDCG@10": 0.73186,
  "scifact/NDCG@3": 0.69125,
  "scifact/Recall@10": 0.84078,
  "scifact/Recall@3": 0.73211,
  "scifact/precision@10": 0.095,
  "scifact/precision@3": 0.26556,
  "trec-covid/MAP@10": 0.01846,
  "trec-covid/MAP@3": 0.00625,
  "trec-covid/NDCG@10": 0.77391,
  "trec-covid/NDCG@3": 0.82123,
  "trec-covid/Recall@10": 0.02037,
  "trec-covid/Recall@3": 0.00668,
  "trec-covid/precision@10": 0.822,
  "trec-covid/precision@3": 0.88,
  "webis-touche2020/MAP@10": 0.13467,
  "webis-touche2020/MAP@3": 0.0696,
  "webis-touche2020/NDCG@10": 0.3429,
  "webis-touche2020/NDCG@3": 0.40122,
  "webis-touche2020/Recall@10": 0.21212,
  "webis-touche2020/Recall@3": 0.08536,
  "webis-touche2020/precision@10": 0.30816,
  "webis-touche2020/precision@3": 0.42177,
  "_runtime": 11705.268429994583,
  "_timestamp": 1714915562.775581,
  "cqadupstack/precision@10": 0.064685,
  "_wandb.runtime": 11704,
  "cqadupstack/MAP@3": 0.3015475,
  "cqadupstack/MAP@10": 0.32586,
  "cqadupstack/NDCG@3": 0.3321175,
  "cqadupstack/NDCG@10": 0.37417166666666657,
  "cqadupstack/Recall@3": 0.360965,
  "cqadupstack/Recall@10": 0.4788025000000001,
  "cqadupstack/precision@3": 0.15144083333333336,
  "_step": 0
}