{
  "Name": "dragon_10_embedding_reranker_keep_0",
  "Runtime": 7811,
  "k_kept_retrieved_passages": 0,
  "num_retrieved_passages": 10,
  "arguana/MAP@10": 0.32018,
  "arguana/MAP@3": 0.25913,
  "arguana/NDCG@10": 0.41346,
  "arguana/NDCG@3": 0.28908,
  "arguana/Recall@10": 0.71479,
  "arguana/Recall@3": 0.37624,
  "arguana/precision@10": 0.07148,
  "arguana/precision@3": 0.12541,
  "climate-fever/MAP@10": 0.21236,
  "climate-fever/MAP@3": 0.19978,
  "climate-fever/NDCG@10": 0.27437,
  "climate-fever/NDCG@3": 0.26663,
  "climate-fever/Recall@10": 0.26893,
  "climate-fever/Recall@3": 0.23061,
  "climate-fever/precision@10": 0.06801,
  "climate-fever/precision@3": 0.18871,
  "dbpedia-entity/MAP@10": 0.21584,
  "dbpedia-entity/MAP@3": 0.1573,
  "dbpedia-entity/NDCG@10": 0.43373,
  "dbpedia-entity/NDCG@3": 0.50116,
  "dbpedia-entity/Recall@10": 0.25693,
  "dbpedia-entity/Recall@3": 0.17033,
  "dbpedia-entity/precision@10": 0.333,
  "dbpedia-entity/precision@3": 0.535,
  "fever/MAP@10": 0.86922,
  "fever/MAP@3": 0.86744,
  "fever/NDCG@10": 0.88898,
  "fever/NDCG@3": 0.88821,
  "fever/Recall@10": 0.90277,
  "fever/Recall@3": 0.89722,
  "fever/precision@10": 0.09914,
  "fever/precision@3": 0.32713,
  "fiqa/MAP@10": 0.31167,
  "fiqa/MAP@3": 0.27917,
  "fiqa/NDCG@10": 0.37772,
  "fiqa/NDCG@3": 0.36077,
  "fiqa/Recall@10": 0.41615,
  "fiqa/Recall@3": 0.32338,
  "fiqa/precision@10": 0.09676,
  "fiqa/precision@3": 0.2356,
  "germanquad/MAP@10": 0.33037,
  "germanquad/MAP@3": 0.3282,
  "germanquad/NDCG@10": 0.34016,
  "germanquad/NDCG@3": 0.33619,
  "germanquad/Recall@10": 0.36888,
  "germanquad/Recall@3": 0.3591,
  "germanquad/precision@10": 0.03689,
  "germanquad/precision@3": 0.1197,
  "hotpotqa/MAP@10": 0.65106,
  "hotpotqa/MAP@3": 0.64786,
  "hotpotqa/NDCG@10": 0.7177,
  "hotpotqa/NDCG@3": 0.71364,
  "hotpotqa/Recall@10": 0.66989,
  "hotpotqa/Recall@3": 0.66144,
  "hotpotqa/precision@10": 0.13398,
  "hotpotqa/precision@3": 0.44096,
  "msmarco/MAP@10": 0.39566,
  "msmarco/MAP@3": 0.36031,
  "msmarco/NDCG@10": 0.46498,
  "msmarco/NDCG@3": 0.39458,
  "msmarco/Recall@10": 0.67406,
  "msmarco/Recall@3": 0.48647,
  "msmarco/precision@10": 0.07059,
  "msmarco/precision@3": 0.16853,
  "nfcorpus/MAP@10": 0.13178,
  "nfcorpus/MAP@3": 0.10126,
  "nfcorpus/NDCG@10": 0.34495,
  "nfcorpus/NDCG@3": 0.41244,
  "nfcorpus/Recall@10": 0.16762,
  "nfcorpus/Recall@3": 0.11069,
  "nfcorpus/precision@10": 0.24892,
  "nfcorpus/precision@3": 0.387,
  "nq/MAP@10": 0.54619,
  "nq/MAP@3": 0.52132,
  "nq/NDCG@10": 0.60127,
  "nq/NDCG@3": 0.55839,
  "nq/Recall@10": 0.73725,
  "nq/Recall@3": 0.6327,
  "nq/precision@10": 0.08731,
  "nq/precision@3": 0.24382,
  "quora/MAP@10": 0.76231,
  "quora/MAP@3": 0.7209,
  "quora/NDCG@10": 0.81838,
  "quora/NDCG@3": 0.76695,
  "quora/Recall@10": 0.94352,
  "quora/Recall@3": 0.80517,
  "quora/precision@10": 0.13098,
  "quora/precision@3": 0.34293,
  "scidocs/MAP@10": 0.09717,
  "scidocs/MAP@3": 0.07305,
  "scidocs/NDCG@10": 0.16459,
  "scidocs/NDCG@3": 0.16491,
  "scidocs/Recall@10": 0.16527,
  "scidocs/Recall@3": 0.09288,
  "scidocs/precision@10": 0.0815,
  "scidocs/precision@3": 0.15267,
  "scifact/MAP@10": 0.67985,
  "scifact/MAP@3": 0.6598,
  "scifact/NDCG@10": 0.711,
  "scifact/NDCG@3": 0.68172,
  "scifact/Recall@10": 0.79022,
  "scifact/Recall@3": 0.71656,
  "scifact/precision@10": 0.08967,
  "scifact/precision@3": 0.26111,
  "trec-covid/MAP@10": 0.01889,
  "trec-covid/MAP@3": 0.00645,
  "trec-covid/NDCG@10": 0.7568,
  "trec-covid/NDCG@3": 0.83173,
  "trec-covid/Recall@10": 0.02052,
  "trec-covid/Recall@3": 0.00679,
  "trec-covid/precision@10": 0.798,
  "trec-covid/precision@3": 0.88667,
  "webis-touche2020/MAP@10": 0.12393,
  "webis-touche2020/MAP@3": 0.07412,
  "webis-touche2020/NDCG@10": 0.30427,
  "webis-touche2020/NDCG@3": 0.38501,
  "webis-touche2020/Recall@10": 0.18461,
  "webis-touche2020/Recall@3": 0.09162,
  "webis-touche2020/precision@10": 0.26327,
  "webis-touche2020/precision@3": 0.42177,
  "cqadupstack/precision@3": 0.15158333333333332,
  "cqadupstack/precision@10": 0.060739999999999995,
  "_runtime": 3001.508948326111,
  "_timestamp": 1714924489.0893953,
  "cqadupstack/MAP@10": 0.32097333333333333,
  "cqadupstack/NDCG@3": 0.331865,
  "cqadupstack/NDCG@10": 0.36418333333333336,
  "cqadupstack/Recall@3": 0.36029250000000007,
  "_step": 0,
  "_wandb.runtime": 3000,
  "cqadupstack/MAP@3": 0.30084916666666667,
  "cqadupstack/Recall@10": 0.4511975000000001
}